代碼,學門學類,99學年度畢業生102年已投入職場比率_碩士_日間學制_平均月薪,99學年度畢業生102年已投入職場比率_碩士_日間學制_已投入職場比率%,99學年度畢業生102年已投入職場比率_碩士_在職專班_平均月薪,99學年度畢業生102年已投入職場比率_碩士_在職專班_已投入職場比率%,99學年度畢業生102年已投入職場比率_學士_日間學制_平均月薪,99學年度畢業生102年已投入職場比率_學士_日間學制_已投入職場比率%,99學年度畢業生102年已投入職場比率_學士_進修學制_平均月薪,99學年度畢業生102年已投入職場比率_學士_進修學制_已投入職場比率%,99學年度畢業生102年已投入職場比率_專科_日間學制_平均月薪,99學年度畢業生102年已投入職場比率_專科_日間學制_已投入職場比率%,99學年度畢業生102年已投入職場比率_專科_進修學制_平均月薪,99學年度畢業生102年已投入職場比率_專科_進修學制_已投入職場比率%,99學年度畢業生103年已投入職場比率_碩士_日間學制_平均月薪,99學年度畢業生103年已投入職場比率_碩士_日間學制_已投入職場比率%,99學年度畢業生103年已投入職場比率_碩士_在職專班_平均月薪,99學年度畢業生103年已投入職場比率_碩士_在職專班_已投入職場比率%,99學年度畢業生103年已投入職場比率_學士_日間學制_平均月薪,99學年度畢業生103年已投入職場比率_學士_日間學制_已投入職場比率%,99學年度畢業生103年已投入職場比率_學士_進修學制_平均月薪,99學年度畢業生103年已投入職場比率_學士_進修學制_已投入職場比率%,99學年度畢業生103年已投入職場比率_專科_日間學制_平均月薪,99學年度畢業生103年已投入職場比率_專科_日間學制_已投入職場比率%,99學年度畢業生103年已投入職場比率_專科_進修學制_平均月薪,99學年度畢業生103年已投入職場比率_專科_進修學制_已投入職場比率%,100學年度畢業生103年已投入職場比率_碩士_日間學制_平均月薪,100學年度畢業生103年已投入職場比率_碩士_日間學制_已投入職場比率%,100學年度畢業生103年已投入職場比率_碩士_在職專班_平均月薪,100學年度畢業生103年已投入職場比率_碩士_在職專班_已投入職場比率%,100學年度畢業生103年已投入職場比率_學士_日間學制_平均月薪,100學年度畢業生103年已投入職場比率_學士_日間學制_已投入職場比率%,100學年度畢業生103年已投入職場比率_學士_進修學制_平均月薪,100學年度畢業生103年已投入職場比率_學士_進修學制_已投入職場比率%,100學年度畢業生103年已投入職場比率_專科_日間學制_平均月薪,100學年度畢業生103年已投入職場比率_專科_日間學制_已投入職場比率%,100學年度畢業生103年已投入職場比率_專科_進修學制_平均月薪,100學年度畢業生103年已投入職場比率_專科_進修學制_已投入職場比率%
1401,綜合教育學類,62984,95.18%,83702,97.57%,37423,84.23%,,,,,,,64477,95.70%,84742,97.14%,40772,88.10%,,,,,,,66694,96.54%,83811,98.60%,39105,84.94%,,,,,,
1402,普通科目教育學類,59134,93.53%,79359,99.17%,34327,85.49%,,,,,,,61750,96.07%,80424,98.61%,37930,90.28%,,,,,,,64152,92.54%,78445,98.40%,37278,86.58%,,,,,,
1403,專業科目教育學類,61391,94.85%,80775,98.35%,34619,85.30%,33738,86.89%,,,,,64135,94.29%,83716,97.53%,39196,88.05%,37126,86.07%,,,,,57882,93.48%,80685,98.47%,36175,87.65%,35243,80.65%,,,,
1404,學前教育學類,55313,91.37%,75621,97.66%,32645,90.98%,25384,95.65%,,,,,57580,93.53%,76503,97.66%,35008,92.16%,27350,97.10%,,,,,50771,92.66%,75409,100.00%,31494,92.73%,27452,89.25%,,,,
1405,成人教育學類,59813,96.88%,83277,100.00%,30753,85.71%,,,,,,,60955,95.31%,80841,100.00%,34661,91.43%,,,,,,,67144,96.00%,79453,100.00%,28416,85.00%,,,,,,
1406,特殊教育學類,66102,99.01%,76642,98.79%,44859,92.74%,,,,,,,67033,98.03%,77459,98.79%,48356,93.08%,,,,,,,71112,97.78%,75650,100.00%,45705,90.24%,,,,,,
1407,教育行政學類,66018,94.36%,87237,97.46%,31545,80.85%,,,,,,,69876,93.33%,88780,96.34%,34659,89.36%,,,,,,,69915,96.88%,88500,97.16%,33950,93.07%,,,,,,
1408,教育科技學類,58938,93.48%,78203,100.00%,28474,88.61%,,,,,,,63097,92.20%,80505,100.00%,31328,95.00%,,,,,,,52934,94.93%,84347,97.32%,29565,90.24%,,,,,,
1409,教育測驗評量學類,47509,95.24%,75789,97.96%,,,,,,,,,49881,95.24%,78303,97.96%,,,,,,,,,59172,90.91%,72786,100.00%,,,,,,,,
1499,其他教育學類,57360,96.61%,88935,98.25%,37638,88.89%,,,,,,,57600,98.33%,91449,98.25%,40648,88.89%,,,,,,,57022,96.83%,84526,100.00%,31201,68.18%,,,,,,
2101,美術學類,43291,73.53%,66311,88.07%,29377,75.73%,41241,70.50%,,,,,46697,77.45%,68795,87.50%,32159,78.83%,40321,70.50%,,,,,42788,81.11%,71641,84.26%,29187,78.04%,34942,72.12%,,,,
2102,雕塑藝術學類,,,,,33485,53.85%,,,,,,,,,,,26367,53.85%,,,,,,,,,,,28519,66.67%,,,,,,
2103,美術工藝學類,36358,81.82%,62398,75.00%,24842,86.59%,29399,83.33%,24549,69.57%,,,41119,81.82%,62845,75.00%,26739,87.80%,29968,83.33%,28080,78.26%,,,,,,,24593,82.18%,32681,84.62%,25403,66.67%,,
2104,音樂學類,53083,78.13%,74454,92.81%,31875,65.71%,26387,75.51%,,,,,54783,83.18%,74389,93.53%,33807,68.10%,29363,78.57%,,,,,50582,79.02%,70192,94.12%,33165,63.71%,28772,72.64%,,,,
2105,戲劇舞蹈學類,47729,85.44%,65927,87.50%,30066,76.52%,38222,71.79%,,,,,50090,84.47%,68425,87.50%,33713,81.21%,42758,75.00%,,,,,50516,80.65%,60312,100.00%,32518,71.19%,29988,86.79%,35533,100.00%,,
2106,視覺藝術學類,40805,77.57%,74883,98.08%,29914,79.70%,27930,70.97%,,,30463,81.82%,41954,82.24%,72700,94.23%,29854,87.13%,28129,74.19%,,,34349,91.43%,44743,81.61%,83027,95.31%,28300,79.35%,26538,70.97%,23476,66.67%,,
2107,綜合藝術學類,50547,79.80%,79278,100.00%,29871,78.20%,,,,,,,51134,81.82%,82031,100.00%,33517,81.52%,,,,,,,53843,89.47%,71259,100.00%,30796,77.46%,23226,50.00%,,,,
2108,民俗藝術學類,51370,86.67%,,,28217,58.33%,,,,,,,59103,93.33%,,,29388,66.67%,,,,,,,,,,,32927,78.95%,,,,,,
2109,應用藝術學類,43385,85.40%,80499,96.77%,30450,77.31%,,,,,,,47090,87.59%,81851,93.55%,34320,79.83%,,,,,,,48340,77.42%,72546,95.56%,30802,82.64%,,,,,,
2110,藝術行政學類,47623,85.29%,,,27005,70.00%,,,,,,,45349,91.18%,,,26723,87.50%,,,,,,,46674,93.55%,,,29165,87.50%,,,,,,
2201,台灣語文學類,48052,87.14%,76456,93.02%,28427,84.94%,,,,,,,51359,85.71%,75557,91.86%,32989,87.43%,,,,,,,51411,82.28%,79368,96.92%,30220,84.02%,,,,,,
2202,中國語文學類,52560,87.39%,80014,97.08%,31029,82.68%,30970,87.68%,,,,,55031,88.89%,81433,96.79%,33926,85.82%,33393,89.49%,,,,,55646,84.57%,78315,97.90%,32146,81.59%,29771,84.27%,,,,
2203,外國語文學類,47592,88.65%,68581,98.57%,30313,84.62%,34680,85.12%,25862,46.20%,33818,81.97%,49715,89.72%,70862,97.86%,33103,86.94%,36733,86.51%,27346,66.45%,39109,85.25%,45886,84.89%,70527,97.28%,31111,86.39%,34138,84.81%,25044,47.73%,35446,44.64%
2204,其他語文學類,49673,91.67%,82461,97.92%,35684,89.09%,,,,,,,49122,100.00%,85799,96.88%,39338,89.29%,,,,,,,44807,90.00%,77422,93.94%,35910,79.66%,,,,,,
2205,翻譯學類,47587,81.25%,,,30426,89.35%,52506,100.00%,,,,,51186,81.25%,,,32807,91.12%,,,,,,,42475,93.75%,80950,100.00%,29786,84.52%,,,,,,
2207,語言學類,49418,94.03%,94289,92.86%,28770,84.78%,,,,,,,52114,91.18%,96507,92.86%,32910,86.23%,,,,,,,56850,85.71%,,,33669,85.51%,,,,,,
2208,宗教學類,54214,63.79%,75269,86.36%,27366,73.63%,,,,,,,53273,63.79%,72419,93.18%,29052,83.52%,,,,,,,49640,73.91%,76745,95.45%,27946,73.26%,,,,,,
2209,歷史學類,53666,80.90%,77930,99.34%,30347,75.60%,36831,88.04%,,,,,54735,85.96%,80793,99.34%,33817,81.79%,38466,86.96%,,,,,48323,84.76%,78868,98.85%,32744,80.29%,26975,80.88%,,,,
2210,人類學學類,40822,95.24%,,,30988,85.96%,,,,,,,46880,95.24%,,,34150,87.72%,,,,,,,47893,87.10%,,,35421,81.58%,,,,,,
2211,哲學學類,46822,78.79%,84432,85.51%,30394,78.80%,30334,92.59%,,,,,47206,78.79%,85732,82.61%,33977,82.69%,35987,92.59%,,,,,55445,84.62%,86344,93.22%,35148,80.71%,31459,85.71%,,,,
2212,文獻學學類,50808,81.25%,,,,,,,,,,,53088,87.50%,,,,,,,,,,,42599,100.00%,,,,,,,,,,
2299,其他人文學類,50279,89.13%,77081,95.00%,33020,84.48%,41311,88.89%,,,,,55483,91.30%,78920,85.00%,35654,87.93%,34962,83.33%,,,,,45052,86.36%,78111,96.08%,28950,80.30%,38960,100.00%,,,,
2301,綜合設計學類,39660,87.86%,70314,90.48%,26527,83.22%,27241,84.06%,,,,,44854,84.51%,69651,87.30%,28801,85.88%,28453,85.58%,,,,,42368,90.41%,60890,92.86%,27967,85.66%,24575,83.33%,,,,
2302,視覺傳達設計學類,33878,87.74%,59521,82.14%,26718,86.85%,28886,83.85%,27480,53.33%,23865,93.10%,38047,87.90%,59975,82.14%,29121,88.18%,30433,84.47%,26981,63.33%,26499,93.10%,35942,93.57%,57149,97.73%,27021,86.31%,29273,84.78%,23286,63.33%,29036,96.00%
2303,產品設計學類,37517,93.65%,72363,92.31%,27422,87.79%,29008,86.68%,17816,58.33%,,,43666,89.74%,79396,92.31%,29640,90.28%,31180,85.33%,19167,83.33%,,,39943,89.96%,71311,92.08%,27968,88.15%,29413,86.76%,24693,66.67%,,
2304,空間設計學類,31139,87.76%,56251,75.00%,25609,90.25%,27800,86.35%,21325,63.64%,27018,94.44%,32845,91.84%,53135,66.67%,28711,91.98%,28435,83.94%,24294,90.91%,35741,88.89%,32386,93.62%,57294,83.33%,26237,92.52%,27728,91.37%,21749,76.92%,35526,79.31%
2399,其他設計學類,42539,81.63%,78474,98.18%,26060,78.67%,23817,87.50%,,,,,45019,81.63%,77837,96.36%,28672,85.33%,26260,68.75%,,,,,53553,96.08%,82239,93.33%,24429,89.33%,24738,81.82%,,,,
3101,經濟學類,45020,85.02%,73259,93.57%,34767,84.72%,34288,92.00%,,,,,50190,87.42%,78667,90.07%,39562,87.08%,35613,92.05%,,,,,47891,91.36%,81947,97.01%,35605,85.07%,34110,93.39%,,,,
3102,政治學類,44335,83.56%,86562,95.97%,35703,78.45%,,,,,,,46843,85.62%,89777,93.75%,39605,84.31%,,,,,,,48173,81.82%,87201,89.00%,36402,73.95%,,,,,,
3103,社會學類,61633,93.23%,73218,98.70%,31375,82.08%,,,,,,,65024,91.39%,74249,97.44%,35802,87.03%,,,,,,,67037,91.12%,77226,98.00%,32953,84.66%,,,,,,
3104,民族學類,36710,95.00%,82311,89.19%,33736,86.27%,,,,,,,35083,95.00%,83496,89.19%,31267,80.39%,,,,,,,35223,77.78%,87563,91.30%,34259,67.86%,,,,,,
3105,心理學類,50558,93.62%,73721,96.97%,32759,80.90%,31822,82.35%,,,,,53410,93.33%,74564,97.98%,35705,83.60%,30571,86.76%,,,,,51172,94.78%,77207,100.00%,32392,80.54%,32644,84.85%,,,,
3106,地理學類,58344,91.67%,69290,100.00%,38614,80.62%,,,,,,,61741,88.33%,72147,100.00%,43179,90.77%,,,,,,,49492,95.71%,78227,100.00%,38897,83.87%,,,,,,
3107,區域研究學類,51558,90.69%,84863,96.35%,31782,81.78%,,,,,,,56169,87.93%,86441,93.81%,35462,83.77%,,,,,,,50333,90.77%,83488,94.44%,33051,81.02%,,,,,,
3108,公共行政學類,50556,90.73%,84248,95.89%,31277,81.78%,30677,85.40%,,,,,53098,91.54%,85242,94.75%,34898,85.77%,34307,88.32%,,,,,47778,86.42%,83503,95.76%,32551,82.30%,30640,87.34%,,,,
3109,國際事務學類,52203,85.54%,58762,78.95%,29818,82.64%,,,,,,,55304,84.52%,64554,76.92%,32991,88.89%,,,,,,,43522,82.73%,84410,94.12%,30236,85.95%,,,,,,
3110,綜合社會及行為科學學類,54670,90.31%,79348,91.93%,33569,86.07%,,,,,,,59356,91.33%,80983,91.41%,36354,90.55%,,,,,,,50769,90.34%,81853,97.80%,34870,86.77%,,,,,,
3201,一般大眾傳播學類,41084,89.87%,62492,95.89%,28330,87.87%,28391,87.53%,,,22193,75.00%,44264,93.42%,64309,93.15%,31263,89.06%,31102,89.33%,,,24628,100.00%,39888,94.62%,79976,91.95%,29400,88.84%,28564,89.12%,,,,
3202,新聞學類,40529,94.44%,81601,100.00%,32970,89.46%,,,,,,,45884,95.83%,84847,100.00%,36626,89.25%,,,,,,,48637,96.15%,56093,100.00%,33212,90.21%,,,,,,
3203,廣播電視學類,42183,82.93%,60002,88.89%,29889,86.24%,41126,84.31%,,,,,41632,85.37%,65136,88.89%,32626,85.43%,38813,88.24%,,,,,37989,90.00%,72684,88.89%,31819,87.15%,34464,92.31%,,,,
3204,公共關係學類,39786,92.86%,63899,85.71%,31843,87.33%,23355,94.74%,,,,,43593,92.86%,68290,78.57%,33263,87.33%,27480,100.00%,,,,,38626,100.00%,72779,100.00%,33211,89.67%,22651,77.78%,,,,
3205,博物館學類,41698,91.49%,,,,,,,,,,,50976,93.62%,,,,,,,,,,,45017,94.59%,,,,,,,,,,
3206,圖書資訊檔案學類,45942,93.42%,69062,100.00%,31247,85.71%,26350,88.89%,,,,,47532,94.74%,70944,100.00%,31870,88.10%,29288,91.67%,,,,,44304,100.00%,69045,100.00%,32241,93.10%,26662,97.50%,,,,
3207,圖文傳播學類,37823,82.35%,69912,93.33%,29788,82.47%,27387,83.33%,,,,,42904,82.35%,69755,90.32%,34434,86.08%,36226,66.67%,,,,,38543,95.65%,52367,95.24%,34778,86.67%,34099,79.17%,,,,
3208,廣告學類,49555,93.75%,,,32026,89.04%,33527,88.98%,,,,,63387,87.50%,,,36196,89.47%,37067,87.50%,,,,,39791,94.44%,,,30202,89.96%,34322,83.46%,,,,
3299,其他傳播及資訊學類,,,101922,100.00%,,,,,,,,,,,93740,100.00%,,,,,,,,,,,85915,100.00%,47995,91.67%,,,,,,
3401,一般商業學類,49954,97.30%,74953,94.87%,26983,81.19%,36032,87.72%,,,,,55698,95.95%,80111,96.15%,29906,88.24%,38362,88.16%,,,,,51550,92.55%,79137,95.29%,27875,82.48%,36569,90.35%,,,,
3402,會計學類,45472,94.08%,79675,96.17%,32899,89.96%,33585,91.99%,23763,45.90%,35634,90.00%,51767,94.09%,84151,95.22%,35913,91.57%,35978,91.37%,27437,67.48%,37257,90.00%,45863,93.81%,79468,94.95%,33294,90.83%,34862,92.17%,23827,49.56%,39398,81.25%
3403,企業管理學類,47960,92.63%,99045,95.46%,29887,87.50%,35199,90.19%,24762,59.93%,33925,87.82%,52793,93.76%,105597,94.85%,32632,89.69%,37663,90.06%,27331,75.00%,38150,90.54%,48024,92.22%,96539,95.83%,30451,88.43%,37259,88.02%,28641,70.50%,31935,85.91%
3404,貿易學類,45938,90.15%,82117,92.63%,30020,88.78%,32603,91.00%,25730,58.23%,31007,88.24%,50975,95.45%,81953,91.58%,33255,91.26%,34590,91.00%,27380,75.62%,32112,89.71%,46158,93.65%,70540,100.00%,30649,88.98%,33896,89.24%,27452,52.94%,25710,73.33%
3405,財務金融學類,49353,92.34%,88168,96.24%,32166,86.40%,36617,90.36%,22887,58.70%,34905,96.55%,57129,94.51%,93077,96.24%,35652,89.92%,38887,89.50%,26317,78.00%,38813,93.10%,47774,93.82%,88512,97.05%,32461,88.44%,34283,90.39%,25377,60.71%,50780,35.94%
3406,風險管理學類,48563,96.88%,82395,97.70%,31954,89.81%,34877,89.41%,,,,,55212,96.91%,90762,96.55%,35610,91.18%,38553,87.29%,,,,,49272,93.20%,89738,96.59%,33424,89.35%,32797,86.17%,,,,
3407,財政學類,48447,86.67%,79513,100.00%,31251,88.44%,36217,90.51%,,,28595,90.00%,55208,93.33%,80768,100.00%,34319,92.14%,38829,90.51%,27372,70.00%,29013,90.00%,44760,94.12%,60516,87.50%,32274,88.35%,36368,90.00%,28401,50.00%,,
3408,行銷與流通學類,42853,93.80%,68149,95.93%,27545,88.53%,33541,90.28%,24773,100.00%,44156,91.36%,47283,96.15%,72554,95.16%,30316,90.52%,35853,91.21%,29241,85.71%,45005,86.59%,44997,94.34%,69586,94.17%,28555,89.61%,32989,90.33%,27706,90.57%,39532,83.33%
3409,醫管學類,48199,96.81%,106679,97.80%,27648,89.48%,37439,92.86%,,,,,50612,93.23%,106937,97.25%,30046,92.40%,39753,92.26%,,,,,52982,93.53%,97644,98.39%,29212,88.44%,38551,91.91%,,,,
3499,其他商業及管理學類,60023,94.51%,117472,95.32%,30508,87.36%,37254,91.01%,24435,84.21%,,,64511,95.08%,122025,93.88%,33779,90.20%,39284,90.50%,23196,90.00%,,,60184,93.02%,113980,94.10%,30676,88.03%,39189,90.71%,29713,75.00%,,
3801,一般法律學類,74471,87.35%,95609,94.48%,35693,64.27%,45918,77.30%,,,,,79574,88.01%,101917,90.34%,39475,73.68%,48365,80.98%,,,,,74074,85.97%,104846,89.44%,34554,63.86%,37981,75.14%,,,,
3802,專業法律學類,59542,85.02%,83224,95.38%,28534,77.56%,55133,85.51%,,,,,67615,87.56%,87386,90.77%,31419,83.49%,56668,88.41%,,,,,61495,86.67%,90761,91.53%,29722,76.08%,55250,90.00%,,,,
3899,其他法律學類,59388,66.67%,143269,95.00%,37723,50.00%,62863,91.18%,,,,,73905,83.33%,134942,87.50%,44817,66.67%,65671,91.18%,,,,,32233,88.89%,107715,97.44%,38685,65.85%,67472,100.00%,,,,
4201,生物學類,43082,91.07%,69141,100.00%,30943,72.07%,,,,,,,46489,90.63%,72018,100.00%,34384,79.70%,,,,,,,41235,90.67%,97210,100.00%,32106,65.71%,,,,,,
4202,生態學類,43466,92.73%,75109,100.00%,26013,85.48%,,,,,,,48796,92.73%,75479,100.00%,29465,85.48%,,,,,,,44085,97.92%,84102,100.00%,26924,72.37%,,,,,,
4203,生物科技學類,40834,92.47%,80601,97.96%,27437,81.75%,28585,92.52%,,,,,43392,93.12%,86944,97.96%,30728,84.21%,31039,85.98%,,,,,39621,90.83%,53835,96.36%,28972,82.97%,31400,87.37%,,,,
4204,微生物學類,44757,93.67%,,,34995,75.00%,,,,,,,50753,95.00%,,,37739,78.13%,,,,,,,43136,92.21%,,,32897,78.95%,,,,,,
4205,生物化學學類,45701,89.19%,,,30521,66.07%,,,,,,,50112,96.28%,,,33900,76.79%,,,,,,,45058,87.08%,,,27249,61.54%,,,,,,
4206,生物訊息學類,47096,90.24%,97432,100.00%,27720,85.00%,,,,,,,50453,93.33%,114308,100.00%,31263,81.67%,,,,,,,44556,94.87%,82881,88.89%,30360,87.76%,,,,,,
4299,其他生命科學類,64234,100.00%,98019,100.00%,29844,76.19%,,,,,,,73717,100.00%,87567,100.00%,40825,77.27%,,,,,,,39748,95.45%,60207,100.00%,26278,72.41%,,,,,,
4401,化學學類,52891,96.05%,52510,100.00%,33991,83.12%,30158,76.47%,,,,,63253,97.21%,54688,100.00%,38295,85.28%,33707,76.47%,,,,,56995,96.52%,74990,92.59%,34438,82.12%,33117,89.47%,,,,
4402,地球科學學類,41476,94.24%,74000,100.00%,32894,67.92%,,,,,,,45207,95.80%,73696,100.00%,36935,77.78%,,,,,,,43830,96.32%,81038,100.00%,33686,79.10%,,,,,,
4403,物理學類,57053,93.62%,79256,100.00%,32837,76.74%,,,,,,,70060,95.25%,83133,100.00%,38149,80.06%,,,,,,,60185,90.85%,73918,95.24%,36818,75.26%,,,,,,
4404,大氣科學學類,51146,95.45%,,,31585,77.97%,,,,,,,52862,100.00%,,,35750,75.41%,,,,,,,46277,88.57%,,,31131,69.84%,,,,,,
4405,海洋科學學類,43046,91.20%,82122,100.00%,28197,75.00%,,,,,,,47404,89.60%,85625,100.00%,31484,80.70%,,,,,,,43700,92.55%,79421,100.00%,33300,87.01%,,,,,,
4406,天文及太空科學學類,50529,84.62%,,,,,,,,,,,64661,79.31%,,,,,,,,,,,48313,95.00%,,,,,,,,,,
4499,其他自然科學學類,60414,93.18%,83066,100.00%,32924,76.19%,,,,,,,63234,93.62%,82070,100.00%,35755,85.71%,,,,,,,57721,93.83%,82228,100.00%,31359,86.90%,,,,,,
4601,數學學類,50771,87.79%,82542,100.00%,33096,79.82%,29143,100.00%,,,,,56240,87.25%,84175,100.00%,37087,86.24%,33073,100.00%,,,,,50944,90.42%,81047,100.00%,33268,77.35%,29954,55.56%,,,,
4602,統計學類,50756,93.88%,79986,100.00%,31558,85.34%,33561,91.36%,,,,,58045,95.51%,82354,100.00%,35089,88.32%,37795,90.12%,,,,,51856,93.70%,88187,98.48%,32077,86.60%,33104,93.85%,,,,
4699,其他數學及統計學類,55201,86.96%,76026,92.31%,35137,84.50%,,,,,,,59550,86.96%,79284,92.31%,39426,88.29%,,,,,,,44773,94.74%,62850,100.00%,35586,87.12%,,,,,,
4801,電算機一般學類,49647,95.24%,73590,97.91%,28803,86.64%,31270,90.68%,27048,67.73%,31137,86.87%,55204,95.84%,78142,97.56%,31957,89.53%,33599,91.50%,29448,74.55%,32263,85.60%,49852,95.40%,74566,97.52%,29212,88.44%,32764,90.71%,25594,61.57%,35197,87.12%
4802,網路學類,74544,96.00%,,,29666,91.41%,26597,88.89%,,,,,82835,97.50%,,,31659,90.80%,27545,88.89%,,,,,78077,97.73%,,,28822,90.10%,31719,92.59%,,,,
4803,軟體發展學類,67963,94.87%,,,27992,84.38%,29457,92.36%,24448,73.68%,,,78610,95.65%,,,30836,85.66%,33107,94.27%,24902,75.00%,,,66738,96.67%,,,27719,85.39%,32250,89.10%,22113,71.88%,,
4804,系統設計學類,68195,96.00%,,,,,,,,,,,81070,92.86%,,,,,,,,,,,72313,96.97%,,,,,,,,,,
4805,電算機應用學類,52872,88.52%,73320,100.00%,26862,86.36%,26114,92.11%,,,,,58354,90.48%,73505,100.00%,31267,88.16%,28697,92.11%,26330,87.50%,,,47058,90.91%,71029,95.00%,27519,85.48%,32257,90.16%,24048,69.23%,20320,90.00%
4899,其他電算績學類,,,,,,,,,,,,,,,,,,,,,,,,,,,,,,,49875,100.00%,,,,
5201,電資工程學類,56046,95.43%,80246,97.29%,30849,88.00%,34305,92.40%,25630,79.23%,33016,86.49%,68887,96.90%,86921,97.40%,35771,91.12%,37564,93.58%,28137,83.94%,34081,89.30%,62298,96.53%,84755,98.49%,31680,88.43%,34913,89.63%,28660,67.14%,37269,89.13%
5202,機械工程學類,49611,95.21%,77363,96.47%,31686,90.08%,32517,92.15%,26761,78.16%,41208,89.77%,60403,96.92%,83510,96.47%,37129,92.24%,35704,93.35%,30302,77.12%,43255,92.47%,52645,95.64%,71059,95.78%,32010,90.41%,32955,89.24%,28949,77.64%,38042,90.70%
5203,土木工程學類,41381,92.62%,73038,96.67%,29929,88.49%,35456,91.61%,22701,74.19%,,,46943,94.68%,72881,96.25%,34227,90.82%,37816,90.91%,27036,71.79%,,,42716,93.69%,73816,97.33%,31152,88.44%,39307,78.08%,24328,57.14%,,
5204,化學工程學類,50853,95.67%,58101,95.52%,33872,88.94%,34071,92.69%,27195,62.16%,29845,60.00%,61357,96.40%,63330,98.53%,39091,90.72%,37518,92.36%,29658,70.45%,26175,80.00%,54061,95.51%,63339,98.63%,35251,88.42%,33115,92.67%,25580,41.18%,,
5205,材料工程學類,55751,96.93%,73849,98.44%,33448,84.97%,32002,89.13%,,,,,67793,97.22%,78757,98.44%,37878,87.26%,34716,91.30%,,,,,60601,96.63%,72289,95.71%,34097,82.88%,40096,93.48%,,,,
5206,工業工程學類,49903,96.17%,75690,96.73%,30510,88.13%,37539,92.70%,25583,69.49%,32837,61.29%,59148,96.81%,80338,94.47%,34554,89.32%,40350,91.55%,29878,78.79%,33908,87.50%,56009,95.83%,86826,97.89%,30596,88.67%,37058,92.25%,31106,76.92%,33111,100.00%
5207,紡織工程學類,48330,94.12%,58568,100.00%,30534,91.19%,33629,93.94%,,,,,50152,97.22%,72192,100.00%,32608,91.75%,34580,93.94%,,,,,42519,100.00%,,,28419,87.06%,33215,87.10%,,,,
5208,測量工程學類,40383,100.00%,,,43542,82.35%,,,,,,,54634,100.00%,,,50256,94.12%,,,,,,,45632,100.00%,,,35747,91.67%,,,,,,
5209,環境工程學類,43921,95.20%,69413,98.18%,28706,89.82%,31691,92.34%,19107,80.00%,,,50567,96.90%,71502,97.58%,31849,91.30%,34330,93.07%,28171,100.00%,,,44064,95.32%,66510,98.92%,28970,87.65%,33079,94.39%,,,,
5210,河海工程學類,41420,89.92%,68683,97.30%,32305,82.14%,,,,,,,47264,90.00%,73278,100.00%,36911,90.48%,,,,,,,39669,86.33%,83890,93.75%,30866,84.38%,,,,,,
5211,生醫工程學類,53985,93.33%,60980,100.00%,31329,84.21%,31030,100.00%,,,,,62322,94.91%,66358,100.00%,36263,87.50%,36011,100.00%,,,,,52487,95.39%,77716,100.00%,30664,83.06%,30679,100.00%,,,,
5212,核子工程學類,64608,93.42%,,,39159,53.85%,,,,,,,81191,97.62%,,,59257,61.54%,,,,,,,65876,95.71%,,,45676,65.00%,,,,,,
5213,綜合工程學類,51767,92.73%,75560,95.52%,33068,81.75%,24367,88.46%,,,,,63800,94.82%,77541,97.01%,38341,85.38%,27028,96.15%,,,,,57012,95.40%,75152,97.01%,31724,81.42%,29700,82.61%,,,,
5299,其他工程學類,51513,93.68%,88498,95.89%,30737,89.01%,38506,90.00%,,,22638,77.78%,58973,95.00%,93475,96.80%,35687,91.21%,41557,91.25%,,,24972,69.23%,47025,95.92%,89172,98.47%,35299,94.70%,37070,94.66%,,,,
5801,建築學類,39013,91.67%,68892,94.68%,29411,90.67%,33635,90.07%,25888,58.97%,30045,94.44%,41826,90.88%,72127,94.68%,32214,91.76%,35287,91.55%,30381,68.29%,30848,94.44%,42786,92.18%,75862,90.91%,29201,89.85%,34948,90.30%,26736,41.46%,42397,86.84%
5802,景觀設計學類,37437,91.38%,50245,83.33%,27637,89.57%,36004,85.19%,,,,,38443,86.21%,36309,75.00%,29953,90.67%,35848,88.89%,,,,,34719,85.92%,66467,83.33%,26863,90.48%,26405,95.45%,,,,
5803,都巿規劃學類,39576,93.38%,74490,96.97%,29532,85.23%,,,,,,,42231,97.06%,78178,93.94%,33859,85.66%,,,,,,,39384,94.87%,69438,90.91%,31038,83.84%,55210,75.00%,,,,
5899,其他建築及都巿規劃學類,52775,82.61%,89863,100.00%,32746,87.50%,,,,,,,51082,91.30%,92973,100.00%,40964,85.00%,,,,,,,53868,90.48%,88937,100.00%,29757,88.24%,,,,,,
6201,一般農業學類,40208,90.28%,64840,100.00%,29104,80.72%,25346,86.15%,,,,,43260,93.24%,69250,100.00%,32840,86.83%,29955,84.62%,,,,,41565,87.65%,64375,90.32%,30190,80.37%,26786,79.10%,,,,
6202,畜牧學類,39677,93.83%,62438,85.71%,27851,79.24%,29777,77.78%,,,,,44302,92.59%,60439,85.71%,30457,83.97%,34396,77.78%,,,,,42664,90.91%,62542,100.00%,30968,78.83%,30733,64.00%,,,,
6203,園藝學類,37031,81.13%,,,28779,78.38%,24358,89.47%,23796,66.67%,52055,80.77%,41686,87.74%,,,32603,77.48%,28494,95.00%,25166,70.59%,47830,84.62%,35701,92.73%,,,27849,84.38%,25190,82.14%,25640,62.86%,34293,73.68%
6204,植物保護學類,38471,100.00%,,,29129,88.89%,,,,,,,40627,95.00%,,,31821,91.11%,,,,,,,38836,97.56%,,,27431,87.23%,,,,,,
6205,農業經濟及推廣學類,41340,92.86%,85559,92.73%,34812,84.62%,30177,81.58%,,,,,46257,87.50%,82302,92.73%,37688,85.71%,33453,76.32%,,,,,42410,94.74%,71878,92.45%,33355,81.08%,25020,81.25%,,,,
6206,食品科學類,36591,94.74%,54332,98.21%,26469,85.54%,27629,86.61%,22993,64.71%,,,41605,94.43%,52701,98.21%,29405,89.15%,30095,87.80%,25960,72.22%,,,38367,96.63%,59638,96.83%,27171,86.50%,28467,84.62%,21367,58.33%,,
6207,水土保持學類,36853,87.50%,64077,100.00%,28151,86.46%,,,,,,,43537,92.50%,67587,94.74%,32705,89.58%,,,,,,,36151,86.49%,57333,92.59%,27792,85.88%,,,,,,
6208,農業化學類,40447,87.80%,,,30284,68.57%,,,,,,,46313,90.48%,,,34922,80.00%,,,,,,,39181,90.48%,,,33191,57.89%,,,,,,
6209,農業技術學類,41586,100.00%,,,38838,100.00%,,,,,,,46437,100.00%,,,36171,92.86%,,,,,,,35512,84.21%,,,22970,62.50%,,,,,,
6210,林業學類,39359,88.64%,72203,90.00%,29608,77.44%,25515,85.71%,,,,,43508,90.23%,72059,90.00%,32653,85.34%,26109,85.71%,,,,,39460,84.75%,67128,100.00%,30452,84.29%,22807,76.19%,,,,
6211,漁業學類,34666,91.35%,68591,100.00%,26897,84.78%,27616,89.23%,,,48975,100.00%,39802,91.43%,70894,100.00%,30412,87.36%,29629,87.69%,,,44000,100.00%,39771,94.25%,78599,96.88%,28359,85.71%,28907,88.78%,,,,
6299,其他農林漁牧學類,,,,,,,,,,,,,,,,,,,,,,,,,,,56219,100.00%,,,,,,,,
6401,獸醫學類,39946,93.44%,81959,87.50%,32824,85.48%,,,,,,,42909,95.97%,,,36983,87.10%,,,,,,,42666,92.86%,61241,90.91%,33459,84.52%,,,,,,
7201,醫學學類,79242,89.65%,159505,100.00%,95360,97.55%,,,,,,,85393,88.98%,178906,96.15%,107377,96.89%,,,,,,,71731,93.00%,238179,100.00%,96546,97.69%,,,,,,
7202,公共衛生學類,70176,95.12%,163737,92.31%,30414,85.45%,29357,89.94%,27579,75.00%,,,72323,93.56%,192131,84.62%,32447,88.13%,32547,91.11%,31155,80.00%,,,73629,92.99%,96615,94.12%,29759,82.56%,33481,88.55%,29031,81.48%,,
7203,藥學學類,53699,95.26%,67368,90.91%,47275,85.48%,26084,94.44%,,,,,59719,96.14%,70953,96.97%,49728,87.93%,29643,100.00%,,,,,53560,94.90%,72985,90.32%,49218,86.89%,31052,83.33%,,,,
7204,復健醫學學類,48546,94.12%,70358,100.00%,38140,86.64%,30264,100.00%,25992,72.67%,29497,80.36%,51697,94.12%,71898,100.00%,40854,88.83%,30580,100.00%,27687,80.82%,29816,82.14%,54095,96.80%,,,38687,87.74%,28247,91.49%,25447,69.48%,40950,92.00%
7205,營養學類,36685,97.35%,43957,100.00%,28415,85.12%,30585,83.61%,23269,72.50%,,,39437,95.61%,47271,100.00%,30551,89.40%,32573,88.37%,26989,79.07%,,,36696,91.53%,78847,85.71%,28147,85.99%,30069,87.93%,24895,46.15%,,
7206,護理學類,67335,97.21%,72714,95.29%,49785,96.12%,51815,97.85%,38223,87.44%,40203,95.96%,69833,96.41%,74540,96.47%,52463,96.45%,54189,97.80%,41062,90.69%,41616,95.07%,69710,96.14%,70418,98.98%,52190,96.02%,53475,97.29%,42673,89.98%,40847,95.87%
7207,醫學技術及檢驗學類,50520,95.26%,79176,93.55%,34624,84.23%,38454,89.55%,24355,69.33%,39777,93.69%,55016,95.87%,79953,90.32%,38523,87.72%,42481,90.00%,25793,73.89%,44254,92.79%,51524,91.70%,65391,91.18%,35602,83.92%,33988,92.47%,26390,67.00%,45864,94.37%
7208,牙醫學類,74496,80.53%,67554,77.78%,58937,81.93%,34450,100.00%,23197,81.82%,33607,86.67%,86745,76.11%,75662,77.78%,63691,83.37%,33435,100.00%,26273,79.41%,31409,80.95%,74589,79.78%,81011,80.00%,61496,82.57%,37453,100.00%,21281,79.10%,34846,85.37%
7299,其他醫藥衛生學類,64934,100.00%,,,50951,100.00%,28906,84.21%,,,,,78565,93.10%,,,46207,100.00%,29333,84.21%,,,,,70153,91.67%,,,32475,87.72%,,,,,,
7601,身心障礙服務學類,62395,88.24%,,,,,,,,,,,64927,88.24%,,,,,,,,,,,56721,100.00%,,,,,,,,,,
7602,老年服務學類,54971,72.73%,79161,93.94%,33161,89.71%,41400,93.48%,22060,42.11%,30313,93.94%,47360,81.82%,76049,96.97%,34902,91.91%,45728,92.17%,22351,70.00%,31565,92.93%,46272,90.91%,85794,100.00%,33114,91.71%,43003,95.47%,24976,73.81%,34299,86.36%
7603,社會工作學類,47057,95.91%,62760,100.00%,33049,90.34%,35006,93.78%,,,,,49602,96.38%,67490,100.00%,35184,91.83%,35673,93.55%,,,,,47556,96.97%,70088,100.00%,32770,91.00%,35627,93.09%,,,,
7604,兒童保育學類,42991,89.89%,73707,100.00%,25809,91.87%,27457,92.11%,24007,73.08%,26394,91.20%,45101,89.89%,73237,100.00%,27392,92.51%,28443,92.36%,25559,82.17%,27722,90.95%,49013,97.14%,68167,100.00%,26541,91.35%,28943,92.89%,24560,79.06%,26608,94.53%
7699,其他社會服務學類,,,,,,,,,,,41758,80.00%,,,,,,,,,,,54261,73.33%,,,,,,,,,,,46329,93.02%
8101,餐旅服務學類,40371,86.27%,62931,90.91%,28222,87.69%,28624,87.28%,26256,77.30%,28616,81.53%,42206,92.16%,65383,88.64%,30856,90.17%,30458,88.70%,28048,82.26%,31145,83.22%,42816,96.10%,63229,96.77%,29143,88.45%,28957,82.04%,25576,78.35%,30696,70.12%
8102,觀光休閒學類,47277,87.60%,78403,96.99%,28053,87.39%,30830,88.42%,24324,82.76%,26171,86.21%,47999,89.24%,79336,95.18%,30917,88.32%,32747,88.42%,25764,80.51%,27091,88.52%,43880,91.40%,77737,94.12%,29032,88.18%,32442,88.04%,22484,78.17%,25308,87.50%
8103,競技運動學類,61003,96.30%,74140,100.00%,39999,85.00%,32732,81.82%,,,,,63023,96.30%,75629,100.00%,45835,86.95%,29296,81.82%,,,,,65291,95.79%,78753,100.00%,37390,86.74%,28204,80.00%,,,,
8104,運動科技學類,63764,98.21%,106280,100.00%,27965,80.00%,,,,,,,64568,98.21%,110998,100.00%,29211,84.44%,,,,,,,48511,89.83%,55852,100.00%,28255,93.75%,,,,,,
8105,運動休閒及休閒管理學類,48668,93.38%,78039,95.50%,28468,87.35%,30299,87.68%,26615,86.57%,31034,86.57%,50699,93.01%,81176,95.05%,30836,88.92%,32556,88.50%,28921,88.57%,30244,88.06%,50942,91.99%,77795,97.18%,29458,87.71%,32527,83.84%,22194,80.95%,28711,87.80%
8106,生活應用科學學類,50265,91.30%,72992,90.48%,26738,89.22%,22671,90.91%,20128,56.25%,,,46295,86.96%,76081,90.48%,29766,92.16%,24931,83.64%,25143,56.25%,,,40371,89.66%,79667,95.35%,28232,81.25%,22610,75.86%,25620,66.67%,,
8107,服飾學類,40639,78.95%,71183,100.00%,29504,83.14%,28296,78.91%,22084,54.55%,,,46975,78.95%,73278,100.00%,31709,85.80%,31710,82.03%,31680,77.27%,,,42519,72.22%,65060,80.00%,30793,87.12%,28992,83.92%,18445,75.00%,,
8108,美容學類,34901,85.71%,29382,100.00%,28710,87.89%,27956,84.38%,25589,73.28%,29395,80.69%,36773,85.71%,26772,100.00%,30625,89.01%,29854,85.67%,26516,78.41%,31429,79.81%,34498,96.30%,42747,91.67%,29181,87.00%,29115,85.64%,24314,72.20%,28105,81.54%
8199,其他民生學類,46414,85.71%,58254,100.00%,31530,92.22%,32103,86.36%,,,,,49789,80.95%,56579,100.00%,33910,90.00%,36234,86.36%,,,,,41129,83.33%,77287,100.00%,29236,85.06%,44213,91.67%,,,,
8401,運輸管理學類,45016,96.41%,80371,94.29%,32975,87.89%,33924,88.28%,,,,,50381,95.96%,90435,95.71%,36520,90.31%,36261,90.34%,,,,,49711,93.17%,88764,96.43%,35007,87.56%,35554,92.00%,,,,
8402,航空學類,43507,94.44%,81789,85.71%,30564,90.74%,30442,85.54%,,,,,49295,94.44%,106905,85.71%,32886,90.77%,35800,86.75%,,,,,45720,95.00%,44299,77.78%,31714,89.25%,29978,89.36%,,,,
8403,航海學類,49579,84.21%,85611,77.78%,49321,88.80%,,,24196,73.68%,56674,83.33%,49889,94.74%,83235,83.33%,61114,90.40%,,,43281,78.95%,66102,77.78%,50848,90.00%,77357,100.00%,50928,88.81%,,,32660,81.82%,54914,75.00%
8501,環境資源學類,49259,94.94%,81996,91.89%,27582,90.59%,40252,88.71%,,,,,53775,88.89%,86112,91.89%,29708,92.19%,41640,85.94%,,,,,60282,98.29%,74002,100.00%,27816,88.13%,30219,89.80%,,,,
8502,環境防災學類,43111,90.00%,59331,95.24%,26988,89.47%,,,,,,,49284,88.57%,67567,95.24%,30532,89.47%,,,,,,,38242,96.00%,74649,100.00%,31147,93.62%,,,,,,
8599,其他環境保護學類,39917,86.36%,61156,91.30%,,,,,,,,,40883,95.45%,66897,91.30%,,,,,,,,,35677,85.71%,67809,96.88%,,,,,,,,
8601,警政學類,,,50196,80.00%,25693,83.70%,,,,,,,,,50195,80.00%,30224,82.61%,,,,,,,,,81056,90.00%,24444,82.35%,,,,,,
9901,其他不能歸類之各學類,74148,94.74%,62793,100.00%,38232,85.71%,,,,,,,77322,84.21%,63023,100.00%,45150,100.00%,,,,,,,88234,93.75%,83027,100.00%,,,,,,,,
