年度,設立別,學校類別,學校統計處代碼,學校名稱,專任教師數,全校總經費,學校承接計畫經費-小計,學校承接計畫經費-政府部門資助,學校承接計畫經費-企業部門資助,學校承接計畫經費-其他單位資助,承接計畫總經費佔全校總經費比率(%),專任教師每師平均承接計畫總經費
105,公立,一般大學,0001,國立政治大學,731,3892196738,706851130,688508830,5237508,13104792,18.16,966964.61
105,公立,一般大學,0002,國立清華大學,655,5335618621,2438987453,2025384831,224994194,188608428,45.71,3723644.97
105,公立,一般大學,0003,國立臺灣大學,2056,15581301000,8374524052,7453064604,467685930,453773518,53.75,4073212.09
105,公立,一般大學,0004,國立臺灣師範大學,820,5323549431,2153220812,2057690705,59314620,36215487,40.45,2625879.04
105,公立,一般大學,0005,國立成功大學,1342,8199388961,4507284824,3942279453,293672112,271333259,54.97,3358632.51
105,公立,一般大學,0006,國立中興大學,771,4495382862,1578036709,1291106843,238821346,48108520,35.10,2046740.22
105,公立,一般大學,0007,國立陽明交通大學,729,5570296093,3118026781,2659607205,298036116,160383460,55.98,4277128.64
105,公立,一般大學,0008,國立中央大學,655,4634718625,2561487706,2149848301,106503262,305136143,55.27,3910668.25
105,公立,一般大學,0009,國立中山大學,515,3348703557,1372027868,1145038351,77976780,149012737,40.97,2664131.78
105,公立,一般大學,0012,國立臺灣海洋大學,415,2294020737,929604619,736796218,130460599,62347802,40.52,2240011.13
105,公立,一般大學,0013,國立中正大學,536,2496756000,804946905,688085210,116404933,456762,32.24,1501766.61
105,公立,一般大學,0014,國立高雄師範大學,293,1340513373,259490572,249291089,7169483,3030000,19.36,885633.35
105,公立,一般大學,0015,國立彰化師範大學,377,1587467331,365242821,351941821,9476000,3825000,23.01,968813.85
105,公立,一般大學,0016,國立陽明大學,404,2520058529,1101848949,1028398746,69100203,4350000,43.72,2727348.88
105,公立,一般大學,0017,國立臺北大學,369,1583853362,275765016,254999052,8391736,12374228,17.41,747330.67
105,公立,一般大學,0018,國立嘉義大學,519,2279340553,435777790,358156840,60437365,17183585,19.12,839648.92
105,公立,一般大學,0019,國立高雄大學,236,969965426,207363447,186142444,15316621,5904382,21.38,878658.67
105,公立,一般大學,0020,國立東華大學,492,2247980412,394809145,356875559,36257586,1676000,17.56,802457.61
105,公立,一般大學,0021,國立暨南國際大學,266,1255100350,308109572,291720381,9471332,6917859,24.55,1158306.66
105,公立,技專校院,0022,國立臺灣科技大學,462,2893739558,1374654023,1051831293,245843390,76979340,47.50,2975441.61
105,公立,技專校院,0023,國立雲林科技大學,370,2167332126,972132204,871451867,77014862,23665475,44.85,2627384.34
105,公立,技專校院,0024,國立屏東科技大學,398,2123505548,716232011,624190603,92041408,0,33.73,1799577.92
105,公立,技專校院,0025,國立臺北科技大學,445,3423779919,548038514,359755475,151588804,36694235,16.01,1231547.22
105,公立,技專校院,0026,國立高雄第一科技大學,266,1563000040,564151638,482135168,51418945,30597525,36.09,2120870.82
105,公立,技專校院,0027,國立高雄應用科技大學,355,1822635791,228501213,165724250,44460137,18316826,12.54,643665.39
105,公立,一般大學,0028,國立臺北藝術大學,163,767550000,148870495,123646390,196764,25027341,19.40,913315.92
105,公立,一般大學,0029,國立臺灣藝術大學,160,958322720,90645908,81607277,3771706,5266925,9.46,566536.93
105,公立,一般大學,0030,國立臺東大學,186,938980781,191067133,178977907,5368000,6721226,20.35,1027242.65
105,公立,一般大學,0031,國立宜蘭大學,233,1153046917,240693112,202029287,28929225,9734600,20.87,1033017.65
105,公立,一般大學,0032,國立聯合大學,292,1126568688,171401655,129409292,22976410,19015953,15.21,586991.97
105,公立,技專校院,0033,國立虎尾科技大學,330,1553903139,500767295,399006261,79043165,22717869,32.23,1517476.65
105,公立,技專校院,0034,國立高雄海洋科技大學,234,1187805003,331246448,175737018,140964225,14545205,27.89,1415583.11
105,公立,一般大學,0035,國立臺南藝術大學,106,499927483,68906543,63336949,1060000,4509594,13.78,650061.73
105,公立,一般大學,0036,國立臺南大學,242,204645878,204645878,187520520,17117858,7500,100,845644.12
105,公立,一般大學,0037,國立臺北教育大學,224,1147261253,194329935,172943641,21386294,0,16.94,867544.35
105,公立,一般大學,0038,國立新竹教育大學,179,829263134,100894419,96217106,1022908,3654405,12.17,563655.97
105,公立,一般大學,0039,國立臺中教育大學,198,1054114963,288882629,281885605,6997024,0,27.41,1459003.18
105,公立,技專校院,0042,國立澎湖科技大學,123,537351334,96187857,95677857,510000,0,17.90,782015.10
105,公立,技專校院,0043,國立勤益科技大學,286,1391949842,317581302,275784134,32242438,9554730,22.82,1110424.13
105,公立,一般大學,0044,國立體育大學,92,598194458,84326295,66681450,8631517,9013328,14.10,916590.16
105,公立,技專校院,0046,國立臺北護理健康大學,171,731295718,131277159,124006859,5860258,1410042,17.95,767702.68
105,公立,技專校院,0047,國立高雄餐旅大學,149,753517915,212003598,194358404,15827870,1817324,28.14,1422842.94
105,公立,一般大學,0048,國立金門大學,145,591069682,22757753,22682753,75000,0,3.85,156950.02
105,公立,一般大學,0049,國立臺灣體育運動大學,103,550596493,23686461,14378190,4735819,4572452,4.30,229965.64
105,公立,技專校院,0050,國立臺中科技大學,403,1666168967,107491703,83626264,15736325,8129114,6.45,266728.79
105,公立,技專校院,0051,國立臺北商業大學,206,105436878,101214006,86724437,11077578,3411991,95.99,491330.13
105,公立,一般大學,0052,國立屏東大學,341,1400105975,242943927,229891088,4050363,9002476,17.35,712445.53
105,公立,技專校院,0144,國立臺灣戲曲學院,34,532574141,10539859,1243400,2424412,6872047,1.98,309995.85
105,公立,技專校院,0221,國立臺南護理專科學校,88,271192895,29162875,23892875,5210000,60000,10.75,331396.31
105,公立,技專校院,0222,國立臺東專科學校,63,443714205,31545866,30900366,495500,150000,7.11,500728.03
105,私立,一般大學,1001,東海大學,541,2623724332,319226914,277404342,14487721,27334851,12.17,590068.23
105,私立,一般大學,1002,輔仁大學,712,4066929135,256759708,214209936,6782705,35767067,6.31,360617.57
105,私立,一般大學,1003,東吳大學,442,2223874618,191960454,165388566,11927262,14644626,8.63,434299.67
105,私立,一般大學,1004,中原大學,505,3008417025,685899823,509824699,114386101,61689023,22.80,1358217.47
105,私立,一般大學,1005,淡江大學學校財團法人淡江大學,796,3702530232,526841780,461526300,46294192,19021288,14.23,661861.53
105,私立,一般大學,1006,中國文化大學,757,3743429163,209832955,186820699,14826578,8185678,5.61,277190.17
105,私立,一般大學,1007,逢甲大學,657,3848547716,1046949869,931327621,73949810,41672438,27.20,1593531
105,私立,一般大學,1008,靜宜大學,374,1734694578,337342278,304392246,31376649,1573383,19.45,901984.70
105,私立,一般大學,1009,長庚大學,619,3946661606,865162133,657373207,192777831,15011095,21.92,1397677.11
105,私立,一般大學,1010,元智大學,318,1861249653,385130515,325721470,28287808,31121237,20.69,1211102.25
105,私立,一般大學,1011,中華大學學校財團法人中華大學,278,1227912977,124061112,94248150,22304139,7508823,10.10,446262.99
105,私立,一般大學,1012,大葉大學,338,1705869267,258879205,227794068,24464757,6620380,15.18,765914.81
105,私立,一般大學,1013,華梵大學,120,479897590,22475766,20995066,1420700,60000,4.68,187298.05
105,私立,一般大學,1014,義守大學,501,2605840299,366216130,256103594,58492234,51620302,14.05,730970.32
105,私立,一般大學,1015,世新大學,319,1881916621,288788437,258093180,15407680,15287577,15.35,905292.91
105,私立,一般大學,1016,銘傳大學,593,2767599072,192510320,175313575,11278875,5917870,6.96,324637.98
105,私立,一般大學,1017,實踐大學,410,1905371595,166390858,154226732,7817038,4347088,8.73,405831.36
105,私立,技專校院,1018,朝陽科技大學,407,2310666655,328099625,244086990,56085849,27926786,14.20,806141.58
105,私立,一般大學,1019,高雄醫學大學,563,2950911217,780852772,599180565,161855877,19816330,26.46,1386949.86
105,私立,一般大學,1020,南華大學,225,1921729053,65272384,63317728,1954656,0,3.40,290099.48
105,私立,一般大學,1021,真理大學,294,931404879,41266138,41266138,0,0,4.43,140361.01
105,私立,一般大學,1022,大同大學,176,807099788,163423421,136593515,22045506,4784400,20.25,928542.16
105,私立,技專校院,1023,南臺學校財團法人南臺科技大學,576,3035482295,598537625,437209776,117847208,43480641,19.72,1039127.82
105,私立,技專校院,1024,崑山科技大學,376,1767797774,417320596,366653185,36915740,13751671,23.61,1109895.20
105,私立,技專校院,1025,嘉藥學校財團法人嘉南藥理大學,493,2064405697,210873752,158060525,51776850,1036377,10.21,427735.81
105,私立,技專校院,1026,樹德科技大學,282,1462750893,185210392,166463974,14813285,3933133,12.66,656774.44
105,私立,一般大學,1027,慈濟學校財團法人慈濟大學,257,1407859048,355176948,130099696,4857862,220219390,25.23,1382011.47
105,私立,一般大學,1028,臺北醫學大學,580,3616058789,1072400809,901775064,146025364,24600381,29.66,1848966.91
105,私立,一般大學,1029,中山醫學大學,417,1815980648,414048871,264028784,33443820,116576267,22.80,992922.95
105,私立,技專校院,1030,龍華科技大學,244,1286874687,223249125,187519469,25305106,10424550,17.35,914955.43
105,私立,技專校院,1031,輔英科技大學,340,1234896126,107950910,98225380,2559174,7166356,8.74,317502.68
105,私立,技專校院,1032,明新學校財團法人明新科技大學,375,1353694409,109532035,87147488,17144498,5240049,8.09,292085.43
105,私立,一般大學,1033,長榮大學,343,1324076232,136092834,100062745,16412563,19617526,10.28,396772.11
105,私立,技專校院,1034,弘光科技大學,328,1638733333,313465176,239189215,68857032,5418929,19.13,955686.51
105,私立,一般大學,1035,中國醫藥大學,508,4032740370,995739434,520981899,458179094,16578441,24.69,1960117
105,私立,技專校院,1036,健行學校財團法人健行科技大學,325,1308637419,139400973,118944264,11553509,8903200,10.65,428926.07
105,私立,技專校院,1037,正修學校財團法人正修科技大學,440,2209844176,461995808,267737985,166153725,28104098,20.91,1049990.47
105,私立,技專校院,1038,萬能學校財團法人萬能科技大學,249,1198237394,51991993,36631583,12231410,3129000,4.34,208803.18
105,私立,一般大學,1039,玄奘大學,158,695035775,104577374,98750012,3301490,2525872,15.05,661882.11
105,私立,技專校院,1040,建國科技大學,275,934029581,90641229,71752815,13987169,4901245,9.70,329604.47
105,私立,技專校院,1041,明志科技大學,197,1983795246,216319033,157269241,56181456,2868336,10.90,1098066.16
105,私立,技專校院,1042,高苑科技大學,269,907962944,172485408,160769043,8064160,3652205,19,641209.70
105,私立,技專校院,1043,大仁科技大學,271,917985340,113670785,94388651,14693046,4589088,12.38,419449.39
105,私立,技專校院,1044,聖約翰科技大學,194,706404884,74737303,65231171,6555692,2950440,10.58,385243.83
105,私立,技專校院,1045,嶺東科技大學,268,1184799608,91374091,70713944,17921147,2739000,7.71,340948.10
105,私立,技專校院,1046,中國科技大學,312,1385538991,127617666,115995868,3925222,7696576,9.21,409030.98
105,私立,技專校院,1047,中臺科技大學,263,1079026280,124591328,115912642,3479936,5198750,11.55,473731.29
105,私立,一般大學,1048,亞洲大學,395,1918265942,366472751,320136079,22946210,23390462,19.10,927779.12
105,私立,一般大學,1049,開南大學,272,1014467510,45713196,36242331,2027200,7443665,4.51,168063.22
105,私立,一般大學,1050,佛光大學,175,748586157,83121209,77661189,3810020,1650000,11.10,474978.34
105,私立,技專校院,1051,台南家專學校財團法人台南應用科技大學,330,1479346054,130894418,102389940,20169165,8335313,8.85,396649.75
105,私立,技專校院,1052,遠東科技大學,243,1074339424,222152531,178002782,39551629,4598120,20.68,914207.95
105,私立,技專校院,1053,光宇學校財團法人元培醫事科技大學,221,898803287,79829468,66824051,9139203,3866214,8.88,361219.31
105,私立,技專校院,1054,景文科技大學,230,868011026,123906638,85149230,27947746,10809662,14.27,538724.51
105,私立,技專校院,1055,中華醫事科技大學,296,1014950903,43517719,23569603,11405100,8543016,4.29,147019.32
105,私立,技專校院,1056,東南科技大學,223,850394435,66759127,52594372,12034635,2130120,7.85,299368.28
105,私立,技專校院,1057,德明財經科技大學,240,1089441091,106767893,61241957,30388263,15137673,9.80,444866.22
105,私立,一般大學,1058,明道學校財團法人明道大學,146,861309448,33400474,29256724,2000341,2143409,3.88,228770.37
105,私立,技專校院,1060,南開科技大學,198,717997058,102152942,87609631,13455311,1088000,14.23,515923.95
105,私立,技專校院,1061,中華學校財團法人中華科技大學,251,925552613,78355735,62195615,15060120,1100000,8.47,312174.24
105,私立,技專校院,1062,僑光科技大學,228,1206355788,89387715,74011378,13544900,1831437,7.41,392051.38
105,私立,技專校院,1063,廣亞學校財團法人育達科技大學,137,588964355,104342769,87846495,7550810,8945464,17.72,761626.05
105,私立,技專校院,1064,美和學校財團法人美和科技大學,241,839891520,84800217,75662587,6091780,3045850,10.10,351868.12
105,私立,技專校院,1065,吳鳳科技大學,159,691346053,54192748,44463715,8958848,770185,7.84,340834.89
105,私立,技專校院,1066,環球學校財團法人環球科技大學,182,702160916,52023817,43799457,6198000,2026360,7.41,285845.15
105,私立,一般大學,1067,台灣首府學校財團法人台灣首府大學,123,442734514,16906804,16084864,524440,297500,3.82,137453.69
105,私立,技專校院,1068,中州學校財團法人中州科技大學,137,545449456,47090256,41962713,3667343,1460200,8.63,343724.50
105,私立,技專校院,1069,修平學校財團法人修平科技大學,225,800198129,101629974,86612966,15017008,0,12.70,451688.77
105,私立,技專校院,1070,長庚學校財團法人長庚科技大學,354,1728185040,193652875,115329383,16321641,62001851,11.21,547042.02
105,私立,技專校院,1071,城市學校財團法人臺北城市科技大學,249,1062541844,44108231,28610470,13050884,2446877,4.15,177141.49
105,私立,技專校院,1072,大華學校財團法人敏實科技大學,119,431105886,30295538,25781605,3331933,1182000,7.03,254584.35
105,私立,技專校院,1073,醒吾學校財團法人醒吾科技大學,244,968024620,71460066,44918963,21503449,5037654,7.38,292869.12
105,私立,技專校院,1074,南榮學校財團法人南榮科技大學,110,326724395,20524274,14387108,5172666,964500,6.28,186584.31
105,私立,技專校院,1075,文藻學校財團法人文藻外語大學,272,1097772145,110110072,95159740,5672120,9278212,10.03,404816.44
105,私立,技專校院,1076,華夏學校財團法人華夏科技大學,171,570000000,64618867,57319238,7219629,80000,11.34,377888.11
105,私立,技專校院,1077,慈濟學校財團法人慈濟科技大學,150,687024616,26661284,18821197,6520567,1319520,3.88,177741.89
105,私立,技專校院,1078,致理學校財團法人致理科技大學,268,1162423672,111690011,96635559,12374452,2680000,9.61,416753.77
105,私立,一般大學,1079,康寧學校財團法人康寧大學,171,493153796,21793256,17167228,1580000,3046028,4.42,127445.94
105,私立,一般大學,1125,中信學校財團法人中信金融管理學院,27,181251139,450000,300000,0,150000,0.25,16666.67
105,私立,技專校院,1148,大漢技術學院,51,159186500,5047690,3322190,1665500,60000,3.17,98974.31
105,私立,技專校院,1159,和春技術學院,124,358436273,48601889,37558019,11043870,0,13.56,391950.72
105,私立,技專校院,1166,亞東技術學院,171,931179185,70214326,55475750,8228576,6510000,7.54,410610.09
105,私立,技專校院,1168,南亞科技學校財團法人南亞技術學院,161,608556498,47090496,34984162,12106334,0,7.74,292487.55
105,私立,一般大學,1176,稻江科技暨管理學院,63,336441956,15412563,12901703,2117500,393360,4.58,244643.86
105,私立,技專校院,1179,德霖技術學院,203,694230830,28629509,12603435,15525074,501000,4.12,141032.06
105,私立,技專校院,1182,蘭陽技術學院,98,311885713,6556350,3210350,975000,2371000,2.10,66901.53
105,私立,技專校院,1183,黎明技術學院,147,533557120,32429065,28508065,3866000,55000,6.08,220605.88
105,私立,技專校院,1184,東方設計學院,155,491882692,32007380,13347698,17961882,697800,6.51,206499.23
105,私立,技專校院,1185,經國管理暨健康學院,136,479580950,66985190,62231928,4539262,214000,13.97,492538.16
105,私立,技專校院,1187,崇右技術學院,104,401315341,22104920,15309620,6795300,0,5.51,212547.31
105,私立,技專校院,1188,大同技術學院,69,266600580,25172826,22248826,2774000,150000,9.44,364823.57
105,私立,技專校院,1189,亞太學校財團法人亞太創意技術學院,71,480000,1015000,1015000,0,0,211.46,14295.77
105,私立,技專校院,1192,臺灣觀光學院,47,170026525,4114050,2977050,327000,810000,2.42,87532.98
105,私立,一般大學,1195,馬偕學校財團法人馬偕醫學院,107,237783995,46612251,43161251,2025000,1426000,19.60,435628.51
105,私立,一般大學,1196,法鼓學校財團法人法鼓文理學院,21,2564260,4004260,1440000,0,2564260,156.16,190679.05
105,私立,技專校院,1197,台北海洋技術學院,174,681509292,71090019,61685222,5186157,4218640,10.43,408563.33
105,私立,技專校院,1282,馬偕學校財團法人馬偕醫護管理專科學校,140,478338914,38265138,36062116,1983022,220000,8,273322.41
105,私立,技專校院,1283,仁德醫護管理專科學校,208,571929935,47529058,46729058,500000,300000,8.31,228505.09
105,私立,技專校院,1284,樹人醫護管理專科學校,213,628994261,64966557,62197877,1283700,1484980,10.33,305007.31
105,私立,技專校院,1285,慈惠醫護管理專科學校,171,582280716,37594799,36854569,390200,350030,6.46,219852.63
105,私立,技專校院,1286,耕莘健康管理專科學校,174,528749251,75957768,73468868,2081353,407547,14.37,436538.90
105,私立,技專校院,1287,敏惠醫護管理專科學校,127,62257765,51443064,48836014,2607050,0,82.63,405063.50
105,私立,技專校院,1288,高美醫護管理專科學校,32,91353865,0,0,0,0,0,0
105,私立,技專校院,1289,育英醫護管理專科學校,74,183063173,43118520,42119320,500000,499200,23.55,582682.70
105,私立,技專校院,1290,崇仁醫護管理專科學校,121,315259765,66476960,66357231,0,119729,21.09,549396.36
105,私立,技專校院,1291,聖母醫護管理專科學校,115,336355500,69213205,67116670,1696535,400000,20.58,601853.96
105,私立,技專校院,1292,新生醫護管理專科學校,190,521830860,29312402,28612402,700000,0,5.62,154275.80
105,私立,宗教研修學院,1R02,學校財團法人中華浸信會基督教台灣浸會神學院,8,30251000,80000,80000,0,0,0.26,10000
105,私立,宗教研修學院,1R03,臺北基督學院,13,62286667,0,0,0,0,0,0
105,私立,宗教研修學院,1R04,財團法人一貫道天皇基金會一貫道天皇學院,9,19296366,0,0,0,0,0,0
105,私立,宗教研修學院,1R05,台神學校財團法人台灣神學研究學院,14,143163800,0,0,0,0,0,0
105,私立,宗教研修學院,1R06,一貫道崇德學院,3,50721997,0,0,0,0,0,0
105,公立,一般大學,3002,臺北市立大學,329,1640313257,316389053,313825916,2495137,68000,19.29,961668.85
106,公立,一般大學,0001,國立政治大學,722,3912533411,878114627,819784007,4722408,53608212,22.44,1216225.25
106,公立,一般大學,0002,國立清華大學,824,6519121444,2555831231,2181643040,266302437,107885754,39.21,3101736.93
106,公立,一般大學,0003,國立臺灣大學,2045,16976767416,8171746770,7516553901,330204852,324988017,48.13,3995964.19
106,公立,一般大學,0004,國立臺灣師範大學,826,5465414719,2302259906,2204864599,60067724,37327583,42.12,2787239.60
106,公立,一般大學,0005,國立成功大學,1326,8536218761,4945929594,4174974632,398529848,372425114,57.94,3729961.99
106,公立,一般大學,0006,國立中興大學,769,4564723922,2165499420,1815982291,282212871,67304258,47.44,2815994.04
106,公立,一般大學,0007,國立陽明交通大學,722,5783589181,3109498831,2646699847,276289412,186509572,53.76,4306785.08
106,公立,一般大學,0008,國立中央大學,653,4165452334,2370348432,2023319058,150935693,196093681,56.90,3629936.34
106,公立,一般大學,0009,國立中山大學,509,3413908280,1447517684,1215207593,152245767,80064324,42.40,2843846.14
106,公立,一般大學,0012,國立臺灣海洋大學,414,2352371342,906503695,712907886,137931138,55664671,38.54,2189622.45
106,公立,一般大學,0013,國立中正大學,542,2600494692,933891136,920471420,7481276,5938440,35.91,1723046.38
106,公立,一般大學,0014,國立高雄師範大學,290,1381728279,373772370,339359278,5022920,29390172,27.05,1288870.24
106,公立,一般大學,0015,國立彰化師範大學,373,1618740102,415242522,387365784,23025613,4851125,25.65,1113250.73
106,公立,一般大學,0016,國立陽明大學,398,2522807563,1160934896,1075775940,48956526,36202430,46.02,2916921.85
106,公立,一般大學,0017,國立臺北大學,380,1607467289,260421264,247533523,6342195,6545546,16.20,685319.12
106,公立,一般大學,0018,國立嘉義大學,515,2212042981,544396998,475701035,56357545,12338418,24.61,1057081.55
106,公立,一般大學,0019,國立高雄大學,235,1047277083,287733089,259042272,21045848,7644969,27.47,1224396.12
106,公立,一般大學,0020,國立東華大學,492,2232589288,436663895,385455171,39031733,12176991,19.56,887528.24
106,公立,一般大學,0021,國立暨南國際大學,268,1291740301,408514634,400633327,3279768,4601539,31.63,1524308.34
106,公立,技專校院,0022,國立臺灣科技大學,458,2912961297,1393625435,1095572004,224033077,74020354,47.84,3042850.29
106,公立,技專校院,0023,國立雲林科技大學,365,2145164089,1012447225,916034640,72549657,23862928,47.20,2773828.01
106,公立,技專校院,0024,國立屏東科技大學,398,2221952200,859337514,696765961,143361608,19209945,38.67,2159139.48
106,公立,技專校院,0025,國立臺北科技大學,470,3563510396,1248309301,1050646679,149097142,48565480,35.03,2655977.24
106,公立,技專校院,0026,國立高雄第一科技大學,269,1615553498,540783014,446617786,68712361,25452867,33.47,2010345.78
106,公立,技專校院,0027,國立高雄應用科技大學,351,1803358987,658449474,579577410,53536316,25335748,36.51,1875924.43
106,公立,一般大學,0028,國立臺北藝術大學,160,810445899,177328648,157238518,14558000,5532130,21.88,1108304.05
106,公立,一般大學,0029,國立臺灣藝術大學,162,994591391,81688908,76664445,2132500,2891963,8.21,504252.52
106,公立,一般大學,0030,國立臺東大學,192,905962316,362814383,341978420,6075812,14760151,40.05,1889658.24
106,公立,一般大學,0031,國立宜蘭大學,233,1199203595,304793275,262390348,38007555,4395372,25.42,1308125.64
106,公立,一般大學,0032,國立聯合大學,288,1204299668,320805201,281757861,31479484,7567856,26.64,1113906.95
106,公立,技專校院,0033,國立虎尾科技大學,329,1653341403,652142705,572008737,48609096,31524872,39.44,1982196.67
106,公立,技專校院,0034,國立高雄海洋科技大學,230,1215609277,348004194,221776568,111293866,14933760,28.63,1513061.71
106,公立,一般大學,0035,國立臺南藝術大學,105,539168779,114786456,110455903,2832524,1498029,21.29,1093204.34
106,公立,一般大學,0036,國立臺南大學,237,1020141226,280024184,232155902,27545544,20322738,27.45,1181536.64
106,公立,一般大學,0037,國立臺北教育大學,223,1356646186,412641002,405757886,2443272,4439844,30.42,1850408.08
106,公立,一般大學,0039,國立臺中教育大學,199,1060406085,236103735,230982181,5121554,0,22.27,1186450.93
106,公立,技專校院,0042,國立澎湖科技大學,123,526957076,90719971,82242013,8477958,0,17.22,737560.74
106,公立,技專校院,0043,國立勤益科技大學,281,1439796684,338742751,284220611,37562190,16959950,23.53,1205490.22
106,公立,一般大學,0044,國立體育大學,101,613122369,80360323,67185316,8804423,4370584,13.11,795646.76
106,公立,技專校院,0046,國立臺北護理健康大學,174,776527963,172882788,163143340,6241223,3498225,22.26,993579.24
106,公立,技專校院,0047,國立高雄餐旅大學,149,746687891,199407521,184364756,12578965,2463800,26.71,1338305.51
106,公立,一般大學,0048,國立金門大學,149,631620441,53204493,49785410,1187083,2232000,8.42,357077.13
106,公立,一般大學,0049,國立臺灣體育運動大學,108,576716314,26467369,11947709,12459660,2060000,4.59,245068.23
106,公立,技專校院,0050,國立臺中科技大學,405,1691822137,149867569,127112928,16197332,6557309,8.86,370043.38
106,公立,技專校院,0051,國立臺北商業大學,208,989401758,117851764,101726869,11760509,4364386,11.91,566595.02
106,公立,一般大學,0052,國立屏東大學,339,1459446640,486006748,467498879,7335028,11172841,33.30,1433648.22
106,公立,技專校院,0144,國立臺灣戲曲學院,34,566992884,15389081,5591280,4132000,5665801,2.71,452620.03
106,公立,技專校院,0221,國立臺南護理專科學校,85,275287457,19206573,17018573,1308000,880000,6.98,225959.68
106,公立,技專校院,0222,國立臺東專科學校,64,382303844,23676307,21879707,1372600,424000,6.19,369942.30
106,私立,一般大學,1001,東海大學,533,2659538309,400680937,356171150,30712597,13797190,15.07,751746.60
106,私立,一般大學,1002,輔仁大學,698,4077625929,363274572,322152465,11680117,29441990,8.91,520450.68
106,私立,一般大學,1003,東吳大學,435,2261886938,240988016,214947898,14833349,11206769,10.65,553995.44
106,私立,一般大學,1004,中原大學,482,3111396348,671791766,590809870,33632956,47348940,21.59,1393758.85
106,私立,一般大學,1005,淡江大學學校財團法人淡江大學,759,3707481833,424174356,399791291,18483615,5899450,11.44,558859.49
106,私立,一般大學,1006,中國文化大學,746,3794297382,247266912,220815829,17195730,9255353,6.52,331456.99
106,私立,一般大學,1007,逢甲大學,649,4051335518,1131718118,1023706506,69544813,38466799,27.93,1743787.55
106,私立,一般大學,1008,靜宜大學,368,1776407246,324418451,299562409,20810317,4045725,18.26,881571.88
106,私立,一般大學,1009,長庚大學,596,4550924532,592943082,513496623,69341755,10104704,13.03,994870.94
106,私立,一般大學,1010,元智大學,309,1750775264,342807778,269807336,30738626,42261816,19.58,1109410.28
106,私立,一般大學,1011,中華大學學校財團法人中華大學,255,1147466483,134047468,114440277,10727241,8879950,11.68,525676.35
106,私立,一般大學,1012,大葉大學,336,1698585658,277266379,238843649,28601292,9821438,16.32,825197.56
106,私立,一般大學,1013,華梵大學,109,379535127,43262853,42031253,934260,297340,11.40,396906.91
106,私立,一般大學,1014,義守大學,488,2719180120,403900428,283405153,55967136,64528139,14.85,827664.81
106,私立,一般大學,1015,世新大學,326,1777087114,282503443,261588812,10530372,10384259,15.90,866574.98
106,私立,一般大學,1016,銘傳大學,591,2713410887,236103470,223492732,7265545,5345193,8.70,399498.26
106,私立,一般大學,1017,實踐大學,399,1839725202,158292746,142833939,10617840,4840967,8.60,396723.67
106,私立,技專校院,1018,朝陽科技大學,400,2279895217,405289123,318605140,52266722,34417261,17.78,1013222.81
106,私立,一般大學,1019,高雄醫學大學,557,3022599085,916605130,652850920,256889595,6864615,30.33,1645610.65
106,私立,一般大學,1020,南華大學,217,1390965366,81006013,77944541,1866699,1194773,5.82,373299.60
106,私立,一般大學,1021,真理大學,280,819009642,27803239,27645239,158000,0,3.39,99297.28
106,私立,一般大學,1022,大同大學,165,809646637,153449570,112726105,37073465,3650000,18.95,929997.39
106,私立,技專校院,1023,南臺學校財團法人南臺科技大學,578,2708663546,729640759,585186859,91144183,53309717,26.94,1262354.25
106,私立,技專校院,1024,崑山科技大學,359,1783841151,461075742,412096619,39827828,9151295,25.85,1284333.54
106,私立,技專校院,1025,嘉藥學校財團法人嘉南藥理大學,478,2127029150,215504280,171074830,43330426,1099024,10.13,450845.77
106,私立,技專校院,1026,樹德科技大學,281,1418349328,145977584,117773142,21734442,6470000,10.29,519493.18
106,私立,一般大學,1027,慈濟學校財團法人慈濟大學,251,1534514056,402088304,161872900,3707018,236508386,26.20,1601945.43
106,私立,一般大學,1028,臺北醫學大學,620,4102847885,1426704361,1049796432,344419105,32488824,34.77,2301136.07
106,私立,一般大學,1029,中山醫學大學,399,1616900004,496960025,326303296,42704725,127952004,30.74,1245513.85
106,私立,技專校院,1030,龍華科技大學,242,1284521935,254743861,207491506,28841135,18411220,19.83,1052660.58
106,私立,技專校院,1031,輔英科技大學,331,1211298568,146295927,132703039,10635162,2957726,12.08,441981.65
106,私立,技專校院,1032,明新學校財團法人明新科技大學,372,841282960,97406298,73229540,17791912,6384846,11.58,261844.89
106,私立,一般大學,1033,長榮大學,350,1321610533,167146783,121788881,7798012,37559890,12.65,477562.24
106,私立,技專校院,1034,弘光科技大學,322,1641641862,276479864,222146132,50292606,4041126,16.84,858633.12
106,私立,一般大學,1035,中國醫藥大學,484,4418113699,1135521212,582511922,536357083,16652207,25.70,2346118.21
106,私立,技專校院,1036,健行學校財團法人健行科技大學,299,1262765611,161627023,137869812,16070063,7687148,12.80,540558.61
106,私立,技專校院,1037,正修學校財團法人正修科技大學,437,2139316545,468150670,269923549,164130836,34096285,21.88,1071283
106,私立,技專校院,1038,萬能學校財團法人萬能科技大學,248,1172301800,70649193,55783488,11655705,3210000,6.03,284875.78
106,私立,一般大學,1039,玄奘大學,143,648243855,120752650,113133344,5313290,2306016,18.63,844424.13
106,私立,技專校院,1040,建國科技大學,263,1099339907,106460151,86166922,16248329,4044900,9.68,404791.45
106,私立,技專校院,1041,明志科技大學,196,2276690774,254915139,189246769,64061697,1606673,11.20,1300587.44
106,私立,技專校院,1042,高苑科技大學,264,817665963,170445106,159400632,7908574,3135900,20.85,645625.40
106,私立,技專校院,1043,大仁科技大學,250,863279331,126789316,106669887,15274729,4844700,14.69,507157.26
106,私立,技專校院,1044,聖約翰科技大學,187,559214267,76707620,66508739,8684574,1514307,13.72,410201.18
106,私立,技專校院,1045,嶺東科技大學,264,1140507040,84115525,70823382,11855143,1437000,7.38,318619.41
106,私立,技專校院,1046,中國科技大學,305,1377442814,161312950,149914086,4845030,6553834,11.71,528894.92
106,私立,技專校院,1047,中臺科技大學,275,1072044033,128355738,112414158,4271130,11670450,11.97,466748.14
106,私立,一般大學,1048,亞洲大學,400,1973903389,397907903,357934055,18853917,21119931,20.16,994769.76
106,私立,一般大學,1049,開南大學,258,905484107,22774650,19764650,3010000,0,2.52,88273.84
106,私立,一般大學,1050,佛光大學,176,736811501,111998278,105135057,3331770,3531451,15.20,636353.85
106,私立,技專校院,1051,台南家專學校財團法人台南應用科技大學,333,1455179025,120749668,84311203,26802925,9635540,8.30,362611.62
106,私立,技專校院,1052,遠東科技大學,232,935968647,254374312,215619868,34572005,4182439,27.18,1096441
106,私立,技專校院,1053,光宇學校財團法人元培醫事科技大學,220,815530669,94530103,83393724,7475960,3660419,11.59,429682.29
106,私立,技專校院,1054,景文科技大學,201,817384463,113027016,76075128,28106918,8844970,13.83,562323.46
106,私立,技專校院,1055,中華醫事科技大學,299,1451124927,38038767,14540234,13601502,9897031,2.62,127219.96
106,私立,技專校院,1056,東南科技大學,210,781735953,89019957,70766570,14169444,4083943,11.39,423904.56
106,私立,技專校院,1057,德明財經科技大學,236,1012186753,89215898,48122717,34071019,7022162,8.81,378033.47
106,私立,一般大學,1058,明道學校財團法人明道大學,130,732087372,40822894,39204894,788000,830000,5.58,314022.26
106,私立,技專校院,1060,南開科技大學,195,668284070,92761774,67429132,24160642,1172000,13.88,475701.41
106,私立,技專校院,1061,中華學校財團法人中華科技大學,231,864877539,74115920,66557777,7238143,320000,8.57,320848.14
106,私立,技專校院,1062,僑光科技大學,227,1055273125,88411731,72320729,10987243,5103759,8.38,389478.99
106,私立,技專校院,1063,廣亞學校財團法人育達科技大學,129,524112336,88383188,79863452,2473600,6046136,16.86,685140.99
106,私立,技專校院,1064,美和學校財團法人美和科技大學,231,853520426,90143397,83272247,3674000,3197150,10.56,390231.16
106,私立,技專校院,1065,吳鳳科技大學,163,635591199,65882844,56092844,9290000,500000,10.37,404189.23
106,私立,技專校院,1066,環球學校財團法人環球科技大學,181,651722879,69389137,60765497,7832640,791000,10.65,383365.40
106,私立,一般大學,1067,台灣首府學校財團法人台灣首府大學,105,354581009,18817646,18115781,420000,281865,5.31,179215.68
106,私立,技專校院,1068,中州學校財團法人中州科技大學,123,465851717,49950546,46074409,1989840,1886297,10.72,406102
106,私立,技專校院,1069,修平學校財團法人修平科技大學,203,789404762,94226919,82659406,9283890,2283623,11.94,464172.01
106,私立,技專校院,1070,長庚學校財團法人長庚科技大學,348,1855532289,181195523,123663931,10624363,46907229,9.77,520676.79
106,私立,技專校院,1071,城市學校財團法人臺北城市科技大學,248,1042404384,48055101,35386988,10012974,2655139,4.61,193770.57
106,私立,技專校院,1072,大華學校財團法人敏實科技大學,110,363757972,29749481,27078406,1361075,1310000,8.18,270449.83
106,私立,技專校院,1073,醒吾學校財團法人醒吾科技大學,243,891640599,131703386,113273588,11964540,6465258,14.77,541989.24
106,私立,技專校院,1074,南榮學校財團法人南榮科技大學,103,239288704,8706533,2553033,5203000,950500,3.64,84529.45
106,私立,技專校院,1075,文藻學校財團法人文藻外語大學,270,1141938144,144634077,120282963,5172919,19178195,12.67,535681.77
106,私立,技專校院,1076,華夏學校財團法人華夏科技大學,161,560000000,64413804,58390094,5683000,340710,11.50,400085.74
106,私立,技專校院,1077,慈濟學校財團法人慈濟科技大學,155,691098469,76950496,68992901,1545640,6411955,11.13,496454.81
106,私立,技專校院,1078,致理學校財團法人致理科技大學,275,1070704389,134561769,116328643,14859939,3373187,12.57,489315.52
106,私立,一般大學,1079,康寧學校財團法人康寧大學,162,563830034,16364012,12071694,2510518,1781800,2.90,101012.42
106,私立,技專校院,1080,宏國學校財團法人宏國德霖科技大學,201,664368909,22300891,8255986,13835905,209000,3.36,110949.71
106,私立,技專校院,1081,東方學校財團法人東方設計大學,156,393650836,67569168,56498837,11070331,0,17.16,433135.69
106,私立,技專校院,1082,崇右學校財團法人崇右影藝科技大學,99,400504480,52921431,39167320,13754111,0,13.21,534559.91
106,私立,技專校院,1083,台北海洋學校財團法人台北海洋科技大學,162,743086292,81922250,71953118,4849182,5119950,11.02,505692.90
106,私立,一般大學,1125,中信學校財團法人中信金融管理學院,38,219330090,1516000,1276000,240000,0,0.69,39894.74
106,私立,技專校院,1148,大漢技術學院,57,129611676,5120502,3380502,1680000,60000,3.95,89833.37
106,私立,技專校院,1159,和春技術學院,108,287151555,19508250,13599250,5069000,840000,6.79,180631.94
106,私立,技專校院,1166,亞東技術學院,162,896754141,150801315,132337429,9910412,8553474,16.82,930872.31
106,私立,技專校院,1168,南亞科技學校財團法人南亞技術學院,142,527155300,53091149,44525640,8565509,0,10.07,373881.33
106,私立,一般大學,1176,稻江科技暨管理學院,60,263672484,21218414,20133414,745000,340000,8.05,353640.23
106,私立,技專校院,1182,蘭陽技術學院,84,235215285,6513555,4645610,495000,1372945,2.77,77542.32
106,私立,技專校院,1183,黎明技術學院,154,613674655,48316373,44403898,3912475,0,7.87,313742.68
106,私立,技專校院,1185,經國管理暨健康學院,141,481052945,68240421,64993421,2115000,1132000,14.19,483974.62
106,私立,技專校院,1188,大同技術學院,66,249503121,29331005,24812145,3828860,690000,11.76,444409.17
106,私立,技專校院,1189,亞太學校財團法人亞太創意技術學院,57,335746004,3556516,2297000,1259516,0,1.06,62395.02
106,私立,技專校院,1192,臺灣觀光學院,44,140600487,6881748,3194287,3099693,587768,4.89,156403.36
106,私立,一般大學,1195,馬偕學校財團法人馬偕醫學院,103,701113887,65430807,58323571,4433000,2674236,9.33,635250.55
106,私立,一般大學,1196,法鼓學校財團法人法鼓文理學院,20,3138000,8940000,5802000,0,3138000,284.89,447000
106,私立,技專校院,1282,馬偕學校財團法人馬偕醫護管理專科學校,141,603028197,29982046,24555392,5086654,340000,4.97,212638.62
106,私立,技專校院,1283,仁德醫護管理專科學校,203,606264880,52943457,52743457,200000,0,8.73,260805.21
106,私立,技專校院,1284,樹人醫護管理專科學校,210,620766128,76183506,73853515,878450,1451541,12.27,362778.60
106,私立,技專校院,1285,慈惠醫護管理專科學校,170,524643653,36688416,35826276,260000,602140,6.99,215814.21
106,私立,技專校院,1286,耕莘健康管理專科學校,181,542648246,79365625,78265837,749600,350188,14.63,438484.12
106,私立,技專校院,1287,敏惠醫護管理專科學校,124,53328353,46731138,46137908,439630,153600,87.63,376864.02
106,私立,技專校院,1288,高美醫護管理專科學校,27,87537186,0,0,0,0,0,0
106,私立,技專校院,1289,育英醫護管理專科學校,71,186938690,39975351,39525651,364500,85200,21.38,563033.11
106,私立,技專校院,1290,崇仁醫護管理專科學校,130,353168812,64623995,63379410,99900,1144685,18.30,497107.65
106,私立,技專校院,1291,聖母醫護管理專科學校,111,324781804,47907389,45044679,2322961,539749,14.75,431598.10
106,私立,技專校院,1292,新生醫護管理專科學校,213,507944923,23202559,22146559,1010000,46000,4.57,108932.20
106,私立,宗教研修學院,1R02,學校財團法人中華浸信會基督教台灣浸會神學院,10,25853182,0,0,0,0,0,0
106,私立,宗教研修學院,1R03,臺北基督學院,12,58513793,0,0,0,0,0,0
106,私立,宗教研修學院,1R04,財團法人一貫道天皇基金會一貫道天皇學院,9,750000,750000,750000,0,0,100,83333.33
106,私立,宗教研修學院,1R05,台神學校財團法人台灣神學研究學院,14,59602835,0,0,0,0,0,0
106,私立,宗教研修學院,1R06,一貫道崇德學院,5,29647539,0,0,0,0,0,0
106,公立,一般大學,3002,臺北市立大學,331,1626450422,384087689,375888158,6348000,1851531,23.62,1160385.77
107,公立,一般大學,0001,國立政治大學,714,4207748964,994478517,944194186,13161941,37122390,23.63,1392827.05
107,公立,一般大學,0002,國立清華大學,823,6870738869,3983700187,3524382496,328337764,130979927,57.98,4840461.95
107,公立,一般大學,0003,國立臺灣大學,2043,17385570587,8795143378,8206498323,366859507,221785548,50.59,4305013.89
107,公立,一般大學,0004,國立臺灣師範大學,839,5872004255,2666339932,2588596975,29578899,48164058,45.41,3177997.54
107,公立,一般大學,0005,國立成功大學,1325,9432135605,5080965628,4492120206,262237104,326608318,53.87,3834691.04
107,公立,一般大學,0006,國立中興大學,775,5403303118,2300486715,1962900395,288550899,49035421,42.58,2968369.95
107,公立,一般大學,0007,國立陽明交通大學,735,6506271832,3826378425,3253980732,356454725,215942968,58.81,5205957.04
107,公立,一般大學,0008,國立中央大學,645,4567810766,2659670095,2279024141,139725706,240920248,58.23,4123519.53
107,公立,一般大學,0009,國立中山大學,522,3585297129,1789437584,1503979108,160005083,125453393,49.91,3428041.35
107,公立,一般大學,0012,國立臺灣海洋大學,416,2552804784,986000026,767033713,177273309,41693004,38.62,2370192.37
107,公立,一般大學,0013,國立中正大學,548,2790119786,1051275535,1033510564,11046046,6718925,37.68,1918386.01
107,公立,一般大學,0014,國立高雄師範大學,289,1461258672,436603190,397561847,11301000,27740343,29.88,1510737.68
107,公立,一般大學,0015,國立彰化師範大學,369,1704404435,386616791,366128484,14284457,6203850,22.68,1047741.98
107,公立,一般大學,0016,國立陽明大學,408,2737874137,1270369327,1177446468,58302859,34620000,46.40,3113650.31
107,公立,一般大學,0017,國立臺北大學,380,1717968623,360866331,342655340,11154312,7056679,21.01,949648.24
107,公立,一般大學,0018,國立嘉義大學,517,2373307808,542921246,489802494,37143104,15975648,22.88,1050137.81
107,公立,一般大學,0019,國立高雄大學,237,1113656996,287454308,261351029,20538279,5565000,25.81,1212887.38
107,公立,一般大學,0020,國立東華大學,477,2365237004,574334817,536726508,11705565,25902744,24.28,1204056.22
107,公立,一般大學,0021,國立暨南國際大學,269,1404570539,481948949,471630431,5206775,5111743,34.31,1791631.78
107,公立,技專校院,0022,國立臺灣科技大學,499,3244571405,1479973692,1201520444,209256244,69197004,45.61,2965879.14
107,公立,技專校院,0023,國立雲林科技大學,411,2478347139,1293989014,1121667506,140705667,31615841,52.21,3148391.76
107,公立,技專校院,0024,國立屏東科技大學,411,2463538197,987819505,847378586,120338105,20102814,40.10,2403453.78
107,公立,技專校院,0025,國立臺北科技大學,469,3899111444,1129870760,951602152,128369792,49898816,28.98,2409106.10
107,公立,一般大學,0028,國立臺北藝術大學,163,931408925,137840554,134800521,530000,2510033,14.80,845647.57
107,公立,一般大學,0029,國立臺灣藝術大學,167,1021232465,96610354,85788477,5108420,5713457,9.46,578505.11
107,公立,一般大學,0030,國立臺東大學,194,1012179492,308557037,289421909,6007910,13127218,30.48,1590500.19
107,公立,一般大學,0031,國立宜蘭大學,232,1286553103,352195047,305864468,39643279,6687300,27.38,1518082.10
107,公立,一般大學,0032,國立聯合大學,284,1304223286,395175676,348629375,26364395,20181906,30.30,1391463.65
107,公立,技專校院,0033,國立虎尾科技大學,335,1946051146,787909137,677257643,81867981,28783513,40.49,2351967.57
107,公立,一般大學,0035,國立臺南藝術大學,108,589486857,157418945,148002585,3848800,5567560,26.70,1457582.82
107,公立,一般大學,0036,國立臺南大學,235,1113538667,314133483,291107096,12350883,10675504,28.21,1336738.23
107,公立,一般大學,0037,國立臺北教育大學,235,1262446019,255095021,247414275,1413964,6266782,20.21,1085510.73
107,公立,一般大學,0039,國立臺中教育大學,203,1177540037,345726301,328451308,4797885,12477108,29.36,1703085.23
107,公立,技專校院,0042,國立澎湖科技大學,120,572577593,149121619,146627419,2350200,144000,26.04,1242680.16
107,公立,技專校院,0043,國立勤益科技大學,288,1630467970,362855060,312219215,37621145,13014700,22.25,1259913.40
107,公立,一般大學,0044,國立體育大學,99,582358271,152996942,133188896,14551315,5256731,26.27,1545423.66
107,公立,技專校院,0046,國立臺北護理健康大學,188,874709410,235566752,222343461,11250916,1972375,26.93,1253014.64
107,公立,技專校院,0047,國立高雄餐旅大學,161,800685228,186513402,168147274,12116935,6249193,23.29,1158468.34
107,公立,一般大學,0048,國立金門大學,145,733196434,62273453,58260756,3099000,913697,8.49,429472.09
107,公立,一般大學,0049,國立臺灣體育運動大學,114,664487101,84273076,71953964,6002687,6316425,12.68,739237.51
107,公立,技專校院,0050,國立臺中科技大學,419,1825579296,182087443,149047575,26930915,6108953,9.97,434576.24
107,公立,技專校院,0051,國立臺北商業大學,213,1080376572,176551016,160106696,9387122,7057198,16.34,828878.01
107,公立,一般大學,0052,國立屏東大學,342,1586919564,290451852,271930990,8427274,10093588,18.30,849274.42
107,公立,技專校院,0053,國立高雄科技大學,871,3864489718,1817687281,1442179718,298936922,76570641,47.04,2086896.99
107,公立,技專校院,0144,國立臺灣戲曲學院,35,557589787,14641115,3196200,1936380,9508535,2.63,418317.57
107,公立,技專校院,0221,國立臺南護理專科學校,88,321189155,38382250,36897250,585000,900000,11.95,436161.93
107,公立,技專校院,0222,國立臺東專科學校,66,467029582,49949980,48861480,726500,362000,10.70,756817.88
107,私立,一般大學,1001,東海大學,544,2750160654,513274836,442211122,47230919,23832795,18.66,943519.92
107,私立,一般大學,1002,輔仁大學,734,4041355307,348995512,301482345,17237506,30275661,8.64,475470.72
107,私立,一般大學,1003,東吳大學,443,2255379456,275348770,248097320,16128456,11122994,12.21,621554.79
107,私立,一般大學,1004,中原大學,497,3241624895,897628854,639789588,100144413,157694853,27.69,1806094.27
107,私立,一般大學,1005,淡江大學學校財團法人淡江大學,738,3746136336,373162097,320535481,46001762,6624854,9.96,505639.70
107,私立,一般大學,1006,中國文化大學,727,3695842987,242644046,217550237,15920893,9172916,6.57,333760.72
107,私立,一般大學,1007,逢甲大學,653,4455586551,1159731306,1039243919,70268172,50219215,26.03,1776005.06
107,私立,一般大學,1008,靜宜大學,374,1759255185,351366722,333417053,9160642,8789027,19.97,939483.21
107,私立,一般大學,1009,長庚大學,586,4811688964,727048455,640955131,78359324,7734000,15.11,1240697.02
107,私立,一般大學,1010,元智大學,312,1800823767,426026986,316299910,61838259,47888817,23.66,1365471.11
107,私立,一般大學,1011,中華大學學校財團法人中華大學,234,1031526760,138318780,118050121,8784759,11483900,13.41,591105.90
107,私立,一般大學,1012,大葉大學,315,1584024799,275561135,236425883,30007469,9127783,17.40,874797.25
107,私立,一般大學,1013,華梵大學,95,353526505,46838942,45002840,1836102,0,13.25,493041.49
107,私立,一般大學,1014,義守大學,502,2559272230,397873167,286564986,54646058,56662123,15.55,792576.03
107,私立,一般大學,1015,世新大學,336,1787351802,283598060,261519067,13053452,9025541,15.87,844041.85
107,私立,一般大學,1016,銘傳大學,576,2677300914,252224736,237987638,7156332,7080766,9.42,437890.17
107,私立,一般大學,1017,實踐大學,372,1837506348,210457841,197697647,7282030,5478164,11.45,565746.88
107,私立,技專校院,1018,朝陽科技大學,402,2297462675,411932525,306137306,67774620,38020599,17.93,1024707.77
107,私立,一般大學,1019,高雄醫學大學,558,3164230765,885895908,725267544,143974040,16654324,28,1587627.08
107,私立,一般大學,1020,南華大學,203,1172151899,134422438,130413578,3219411,789449,11.47,662179.50
107,私立,一般大學,1021,真理大學,267,782253976,35021757,34858957,162800,0,4.48,131167.63
107,私立,一般大學,1022,大同大學,158,894079987,158883214,121232336,34065968,3584910,17.77,1005589.96
107,私立,技專校院,1023,南臺學校財團法人南臺科技大學,572,2590837253,641091511,493616160,100876740,46598611,24.74,1120789.35
107,私立,技專校院,1024,崑山科技大學,343,1748404674,497851923,433013331,47932636,16905956,28.47,1451463.33
107,私立,技專校院,1025,嘉藥學校財團法人嘉南藥理大學,465,2880082230,317160075,244574012,58143415,14442648,11.01,682064.68
107,私立,技專校院,1026,樹德科技大學,281,1440078805,237776038,213225149,16690904,7859985,16.51,846178.07
107,私立,一般大學,1027,慈濟學校財團法人慈濟大學,240,1467765436,405587731,172417250,3196125,229974356,27.63,1689948.88
107,私立,一般大學,1028,臺北醫學大學,616,4517812205,1476118794,1149498441,259310503,67309850,32.67,2396296.74
107,私立,一般大學,1029,中山醫學大學,412,1870090771,533104337,391584787,105983664,35535886,28.51,1293942.57
107,私立,技專校院,1030,龍華科技大學,251,1303043720,271368126,226020341,26991282,18356503,20.83,1081147.91
107,私立,技專校院,1031,輔英科技大學,331,1199356514,161839741,151589150,6624141,3626450,13.49,488941.82
107,私立,技專校院,1032,明新學校財團法人明新科技大學,369,2026167926,199685218,174598324,15837794,9249100,9.86,541152.35
107,私立,一般大學,1033,長榮大學,334,1422559694,179833267,150272553,17328718,12231996,12.64,538422.96
107,私立,技專校院,1034,弘光科技大學,354,1633730661,356922901,310684739,42049576,4188586,21.85,1008256.78
107,私立,一般大學,1035,中國醫藥大學,495,4775651730,1106752275,677113605,409572503,20066167,23.17,2235863.18
107,私立,技專校院,1036,健行學校財團法人健行科技大學,293,1290543734,136250115,107224794,17214321,11811000,10.56,465017.46
107,私立,技專校院,1037,正修學校財團法人正修科技大學,431,2123455486,616988570,433710321,159279706,23998543,29.06,1431528
107,私立,技專校院,1038,萬能學校財團法人萬能科技大學,234,1231158576,57733818,44784511,10975891,1973416,4.69,246725.72
107,私立,一般大學,1039,玄奘大學,111,557405101,100332419,93274920,3405387,3652112,18,903895.67
107,私立,技專校院,1040,建國科技大學,250,892522915,88477262,70644859,14499703,3332700,9.91,353909.05
107,私立,技專校院,1041,明志科技大學,193,2690190765,361041231,278203923,79669650,3167658,13.42,1870679.95
107,私立,技專校院,1042,高苑科技大學,242,674825327,141209485,132353375,5554110,3302000,20.93,583510.27
107,私立,技專校院,1043,大仁科技大學,219,871287069,118094436,106651358,8376648,3066430,13.55,539244
107,私立,技專校院,1044,聖約翰科技大學,175,489560489,59234511,52017741,6446140,770630,12.10,338482.92
107,私立,技專校院,1045,嶺東科技大學,264,1175098647,105313059,89006825,13243034,3063200,8.96,398913.10
107,私立,技專校院,1046,中國科技大學,290,947401649,173974195,140283047,26072654,7618494,18.36,599911.02
107,私立,技專校院,1047,中臺科技大學,266,1014672900,144167743,133296020,2599200,8272523,14.21,541984
107,私立,一般大學,1048,亞洲大學,388,2094044534,267482286,205984599,31996174,29501513,12.77,689387.34
107,私立,一般大學,1049,開南大學,226,833939337,68015942,62007418,4728000,1280524,8.16,300955.50
107,私立,一般大學,1050,佛光大學,173,830783815,109952909,97441061,1353000,11158848,13.23,635565.95
107,私立,技專校院,1051,台南家專學校財團法人台南應用科技大學,331,1454188977,113581249,77782192,26574977,9224080,7.81,343145.77
107,私立,技專校院,1052,遠東科技大學,211,856624328,225417297,178179886,40272245,6965166,26.31,1068328.42
107,私立,技專校院,1053,光宇學校財團法人元培醫事科技大學,201,837258464,200466159,184863019,12558940,3044200,23.94,997344.07
107,私立,技專校院,1054,景文科技大學,191,784331616,121563213,88521714,27667526,5373973,15.50,636456.61
107,私立,技專校院,1055,中華醫事科技大學,288,986777262,44501742,27251880,8048501,9201361,4.51,154519.94
107,私立,技專校院,1056,東南科技大學,192,729971472,90288268,67508273,21591320,1188675,12.37,470251.40
107,私立,技專校院,1057,德明財經科技大學,227,990876557,101458188,77929285,19231251,4297652,10.24,446952.37
107,私立,一般大學,1058,明道學校財團法人明道大學,127,618796138,70089822,45419052,1553820,23116950,11.33,551888.36
107,私立,技專校院,1060,南開科技大學,181,603730248,110280226,104179844,5698107,402275,18.27,609283.02
107,私立,技專校院,1061,中華學校財團法人中華科技大學,211,729654024,67719412,59538912,7513500,667000,9.28,320945.08
107,私立,技專校院,1062,僑光科技大學,228,1054669724,111197245,76469447,23211341,11516457,10.54,487707.21
107,私立,技專校院,1063,廣亞學校財團法人育達科技大學,113,547251933,100916094,91417545,5296206,4202343,18.44,893062.78
107,私立,技專校院,1064,美和學校財團法人美和科技大學,229,861506192,100553385,89037573,5627620,5888192,11.67,439097.75
107,私立,技專校院,1065,吳鳳科技大學,154,603437325,68775749,58818541,8756995,1200213,11.40,446595.77
107,私立,技專校院,1066,環球學校財團法人環球科技大學,167,582873153,51791135,44810522,6176930,803683,8.89,310126.56
107,私立,一般大學,1067,台灣首府學校財團法人台灣首府大學,90,309462734,11083119,10651120,250000,181999,3.58,123145.77
107,私立,技專校院,1068,中州學校財團法人中州科技大學,112,348702869,30141569,24900369,3160400,2080800,8.64,269121.15
107,私立,技專校院,1069,修平學校財團法人修平科技大學,188,592322906,96855421,85910390,9343520,1601511,16.35,515188.41
107,私立,技專校院,1070,長庚學校財團法人長庚科技大學,338,1963440679,241487234,161996845,30026125,49464264,12.30,714459.27
107,私立,技專校院,1071,城市學校財團法人臺北城市科技大學,245,1032320582,64772915,50658588,10826340,3287987,6.27,264379.24
107,私立,技專校院,1072,大華學校財團法人敏實科技大學,79,443181549,23385782,21425181,1460600,500001,5.28,296022.56
107,私立,技專校院,1073,醒吾學校財團法人醒吾科技大學,223,1032496180,177021943,154229425,19168018,3624500,17.15,793820.37
107,私立,技專校院,1075,文藻學校財團法人文藻外語大學,266,1170446498,155917851,117751617,8545653,29620581,13.32,586157.33
107,私立,技專校院,1076,華夏學校財團法人華夏科技大學,149,560000000,58701376,53642467,3044929,2013980,10.48,393968.97
107,私立,技專校院,1077,慈濟學校財團法人慈濟科技大學,159,826494560,88780515,79909954,868295,8002266,10.74,558368.02
107,私立,技專校院,1078,致理學校財團法人致理科技大學,277,1250293270,170033308,138150342,27222119,4660847,13.60,613838.66
107,私立,一般大學,1079,康寧學校財團法人康寧大學,122,549153339,26068183,22405123,1548580,2114480,4.75,213673.63
107,私立,技專校院,1080,宏國學校財團法人宏國德霖科技大學,190,587776612,22278878,7914173,14044705,320000,3.79,117257.25
107,私立,技專校院,1081,東方學校財團法人東方設計大學,123,405747995,25924267,14924628,10619639,380000,6.39,210766.40
107,私立,技專校院,1082,崇右學校財團法人崇右影藝科技大學,98,362506402,28234150,21003100,6871050,360000,7.79,288103.57
107,私立,技專校院,1083,台北海洋學校財團法人台北海洋科技大學,144,656080418,90705189,84754056,3542333,2408800,13.83,629897.15
107,私立,一般大學,1125,中信學校財團法人中信金融管理學院,48,284780007,12668410,11371450,1296960,0,4.45,263925.21
107,私立,技專校院,1148,大漢技術學院,57,171224407,8047000,6586000,1361000,100000,4.70,141175.44
107,私立,技專校院,1159,和春技術學院,82,233854110,15407438,11421088,3986350,0,6.59,187895.59
107,私立,技專校院,1166,亞東技術學院,157,949612898,112651776,96267455,9473121,6911200,11.86,717527.24
107,私立,技專校院,1168,南亞科技學校財團法人南亞技術學院,114,457215940,34292900,25051800,9241100,0,7.50,300814.91
107,私立,一般大學,1176,稻江科技暨管理學院,57,265885480,12121341,9423341,2438000,260000,4.56,212655.11
107,私立,技專校院,1182,蘭陽技術學院,78,215851418,3850468,2648468,1202000,0,1.78,49364.97
107,私立,技專校院,1183,黎明技術學院,159,611671802,66178053,56255887,9352166,570000,10.82,416214.17
107,私立,技專校院,1185,經國管理暨健康學院,141,475785693,84951191,82268457,2245234,437500,17.85,602490.72
107,私立,技專校院,1188,大同技術學院,64,202534053,13347326,8871300,3903000,573026,6.59,208551.97
107,私立,技專校院,1192,臺灣觀光學院,24,126021308,1907950,1907950,0,0,1.51,79497.92
107,私立,一般大學,1195,馬偕學校財團法人馬偕醫學院,125,588915322,110351405,101656396,3305009,5390000,18.74,882811.24
107,私立,一般大學,1196,法鼓學校財團法人法鼓文理學院,23,172619497,3708746,1731500,0,1977246,2.15,161249.83
107,私立,技專校院,1282,馬偕學校財團法人馬偕醫護管理專科學校,139,568491291,47780973,40577126,2518114,4685733,8.40,343748.01
107,私立,技專校院,1283,仁德醫護管理專科學校,204,593553002,69184738,67164738,1020000,1000000,11.66,339140.87
107,私立,技專校院,1284,樹人醫護管理專科學校,224,638060549,90813054,88625935,379350,1807769,14.23,405415.42
107,私立,技專校院,1285,慈惠醫護管理專科學校,154,435040315,40385202,39431202,410000,544000,9.28,262241.57
107,私立,技專校院,1286,耕莘健康管理專科學校,172,600721465,129490517,127969939,1018194,502384,21.56,752851.84
107,私立,技專校院,1287,敏惠醫護管理專科學校,124,46109669,46109669,45323481,786188,0,100,371852.17
107,私立,技專校院,1289,育英醫護管理專科學校,70,188316049,9940844,9166451,312793,461600,5.28,142012.06
107,私立,技專校院,1291,聖母醫護管理專科學校,94,288915591,40252791,37603012,1310568,1339211,13.93,428221.18
107,私立,技專校院,1292,新生醫護管理專科學校,209,541516707,46164968,45353968,811000,0,8.53,220885.01
107,私立,技專校院,1293,崇仁醫護管理專科學校,129,341563076,82985721,78713951,780400,3491370,24.30,643300.16
107,私立,宗教研修學院,1R02,學校財團法人中華浸信會基督教台灣浸會神學院,12,25652366,0,0,0,0,0,0
107,私立,宗教研修學院,1R03,臺北基督學院,11,62240108,310000,310000,0,0,0.50,28181.82
107,私立,宗教研修學院,1R04,財團法人一貫道天皇基金會一貫道天皇學院,9,28672860,890000,890000,0,0,3.10,98888.89
107,私立,宗教研修學院,1R05,台神學校財團法人台灣神學研究學院,16,55825771,0,0,0,0,0,0
107,私立,宗教研修學院,1R06,一貫道崇德學院,6,29452894,0,0,0,0,0,0
107,私立,宗教研修學院,1R07,台灣基督長老教會南神神學院,10,19708980,0,0,0,0,0,0
107,公立,一般大學,3002,臺北市立大學,334,1575242823,302690739,294689407,6792500,1208832,19.22,906259.70
108,公立,一般大學,0001,國立政治大學,743,4301819767,1064153262,1022062694,13349660,28740908,24.74,1432238.58
108,公立,一般大學,0002,國立清華大學,830,7477125795,4262803973,3795136705,366379631,101287637,57.01,5135908.40
108,公立,一般大學,0003,國立臺灣大學,2021,19018101012,9136934329,8529325482,369518647,238090200,48.04,4520996.70
108,公立,一般大學,0004,國立臺灣師範大學,813,6127305216,2915233177,2750657230,130693729,33882218,47.58,3585772.67
108,公立,一般大學,0005,國立成功大學,1340,9896199001,5599109660,4949990080,342976605,306142975,56.58,4178440.04
108,公立,一般大學,0006,國立中興大學,781,5417824316,2393205777,2003862228,309887500,79456049,44.17,3064283.97
108,公立,一般大學,0007,國立陽明交通大學,746,6912943700,3794000624,3311962897,263113411,218924316,54.88,5085791.72
108,公立,一般大學,0008,國立中央大學,662,4728788010,2801965328,2199380777,344085526,258499025,59.25,4232576.02
108,公立,一般大學,0009,國立中山大學,537,3719415373,1904599856,1588479095,195020040,121100721,51.21,3546740.89
108,公立,一般大學,0012,國立臺灣海洋大學,430,2531555683,1150543474,802805240,263316812,84421422,45.45,2675682.50
108,公立,一般大學,0013,國立中正大學,532,2858136309,984908898,965045670,15397474,4465754,34.46,1851332.52
108,公立,一般大學,0014,國立高雄師範大學,290,1483283540,494632386,474019500,8901000,11711886,33.35,1705628.92
108,公立,一般大學,0015,國立彰化師範大學,363,1729135823,441508487,424670372,7538132,9299983,25.53,1216276.82
108,公立,一般大學,0016,國立陽明大學,406,2842838760,934057112,837774621,63949967,32332524,32.86,2300633.28
108,公立,一般大學,0017,國立臺北大學,381,1729199444,314184366,299703685,5008776,9471905,18.17,824630.88
108,公立,一般大學,0018,國立嘉義大學,520,2407470808,571986839,515475513,35989633,20521693,23.76,1099974.69
108,公立,一般大學,0019,國立高雄大學,238,1113559748,257696490,232291205,20876603,4528682,23.14,1082758.36
108,公立,一般大學,0020,國立東華大學,460,2312485779,560147666,521866892,10383500,27897274,24.22,1217712.32
108,公立,一般大學,0021,國立暨南國際大學,275,1392845017,457148085,441722315,10146189,5279581,32.82,1662356.67
108,公立,技專校院,0022,國立臺灣科技大學,532,3455294819,1694281357,1399163167,217894991,77223199,49.03,3184739.39
108,公立,技專校院,0023,國立雲林科技大學,420,2626453485,1228731646,1094026518,100360147,34344981,46.78,2925551.54
108,公立,技專校院,0024,國立屏東科技大學,404,2625364583,999655802,836026048,115863816,47765938,38.08,2474395.55
108,公立,技專校院,0025,國立臺北科技大學,471,4061605294,1820206494,1588664403,190848980,40693111,44.81,3864557.31
108,公立,一般大學,0028,國立臺北藝術大學,162,917403708,164472018,161967018,190100,2314900,17.93,1015259.37
108,公立,一般大學,0029,國立臺灣藝術大學,156,1089182687,117164770,112988445,1454300,2722025,10.76,751056.22
108,公立,一般大學,0030,國立臺東大學,197,1045051284,273841000,258155767,3726975,11958258,26.20,1390055.84
108,公立,一般大學,0031,國立宜蘭大學,231,1320376607,334103179,296930259,32448421,4724499,25.30,1446334.11
108,公立,一般大學,0032,國立聯合大學,285,1315280140,281651172,247699285,26771091,7180796,21.41,988249.73
108,公立,技專校院,0033,國立虎尾科技大學,342,1931572755,806605866,662348123,73781501,70476242,41.76,2358496.68
108,公立,一般大學,0035,國立臺南藝術大學,109,611773529,160261682,157749584,1507718,1004380,26.20,1470290.66
108,公立,一般大學,0036,國立臺南大學,232,1173188351,325843809,290682582,12346897,22814330,27.77,1404499.18
108,公立,一般大學,0037,國立臺北教育大學,237,1239550595,374298516,368411618,1952000,3934898,30.20,1579318.63
108,公立,一般大學,0039,國立臺中教育大學,202,1213892880,337515113,294103514,17612113,25799486,27.80,1670866.90
108,公立,技專校院,0042,國立澎湖科技大學,121,595679218,161383761,151386161,7328600,2669000,27.09,1333750.09
108,公立,技專校院,0043,國立勤益科技大學,307,1757643224,467763136,382048967,63086029,22628140,26.61,1523658.42
108,公立,一般大學,0044,國立體育大學,101,741517964,119112198,97558576,17700506,3853116,16.06,1179328.69
108,公立,技專校院,0046,國立臺北護理健康大學,195,907148347,204731593,197218862,6222331,1290400,22.57,1049905.61
108,公立,技專校院,0047,國立高雄餐旅大學,162,859660540,221016529,201937696,10834446,8244387,25.71,1364299.56
108,公立,一般大學,0048,國立金門大學,149,756170768,68199339,65756529,2199810,243000,9.02,457713.68
108,公立,一般大學,0049,國立臺灣體育運動大學,114,696797493,74708761,64770057,8389367,1549337,10.72,655340.01
108,公立,技專校院,0050,國立臺中科技大學,427,1892057533,145047856,112714516,22913718,9419622,7.67,339690.53
108,公立,技專校院,0051,國立臺北商業大學,215,1123387273,217380590,204778513,8526237,4075840,19.35,1011072.51
108,公立,一般大學,0052,國立屏東大學,347,1626523747,381369778,356143019,12287549,12939210,23.45,1099048.35
108,公立,技專校院,0053,國立高雄科技大學,871,5021541921,1432389996,1053706201,303329283,75354512,28.52,1644535.01
108,公立,技專校院,0144,國立臺灣戲曲學院,32,546383730,12717118,2704200,3257000,6755918,2.33,397409.94
108,公立,技專校院,0221,國立臺南護理專科學校,90,328075211,58395737,53655864,4539873,200000,17.80,648841.52
108,公立,技專校院,0222,國立臺東專科學校,67,437894237,61554610,59550274,1694336,310000,14.06,918725.52
108,私立,一般大學,1001,東海大學,557,2786303840,524849656,444402567,61651745,18795344,18.84,942279.45
108,私立,一般大學,1002,輔仁大學,727,3830896105,386592518,331736456,23199022,31657040,10.09,531764.12
108,私立,一般大學,1003,東吳大學,442,2356514281,254941053,235422677,14161151,5357225,10.82,576789.71
108,私立,一般大學,1004,中原大學,495,3135080387,709885347,602735657,82246335,24903355,22.64,1434111.81
108,私立,一般大學,1005,淡江大學學校財團法人淡江大學,719,3562126386,401727913,375022971,22215103,4489839,11.28,558731.45
108,私立,一般大學,1006,中國文化大學,724,3520905938,317214643,282448348,13678249,21088046,9.01,438141.77
108,私立,一般大學,1007,逢甲大學,633,4023760375,1179175701,1091717823,62644802,24813076,29.31,1862836.81
108,私立,一般大學,1008,靜宜大學,387,1836971810,339078175,315922267,18557453,4598455,18.46,876170.99
108,私立,一般大學,1009,長庚大學,581,4850147636,1105156334,702855393,69541279,332759662,22.79,1902162.36
108,私立,一般大學,1010,元智大學,301,1932963831,351640484,259732230,40691299,51216955,18.19,1168240.81
108,私立,一般大學,1011,中華大學學校財團法人中華大學,222,1017204234,160241884,121561510,24655812,14024562,15.75,721810.29
108,私立,一般大學,1012,大葉大學,298,1450725369,271911580,239825295,24625190,7461095,18.74,912454.97
108,私立,一般大學,1013,華梵大學,82,324457233,38577928,38307928,200000,70000,11.89,470462.54
108,私立,一般大學,1014,義守大學,535,2548531141,387569708,266870374,60328208,60371126,15.21,724429.36
108,私立,一般大學,1015,世新大學,333,1881714260,320399460,282347602,15003301,23048557,17.03,962160.54
108,私立,一般大學,1016,銘傳大學,571,2659266614,271763498,260918130,7780906,3064462,10.22,475943.08
108,私立,一般大學,1017,實踐大學,355,1773086275,172857589,154766270,11056817,7034502,9.75,486922.79
108,私立,技專校院,1018,朝陽科技大學,395,2304402936,400660901,305211180,61836273,33613448,17.39,1014331.39
108,私立,一般大學,1019,高雄醫學大學,558,3557676269,915726017,701325937,206518080,7882000,25.74,1641086.05
108,私立,一般大學,1020,南華大學,206,1498470761,160419492,157549832,2016010,853650,10.71,778735.40
108,私立,一般大學,1021,真理大學,255,754057215,43233253,42036041,1197212,0,5.73,169542.17
108,私立,一般大學,1022,大同大學,150,830600027,149585930,120746418,26750229,2089283,18.01,997239.53
108,私立,技專校院,1023,南臺學校財團法人南臺科技大學,556,2156548826,649336824,518270500,93171563,37894761,30.11,1167871.99
108,私立,技專校院,1024,崑山科技大學,334,1754289601,453294581,402933534,36373743,13987304,25.84,1357169.40
108,私立,技專校院,1025,嘉藥學校財團法人嘉南藥理大學,436,1818062736,293695621,216116916,58053716,19524989,16.15,673613.81
108,私立,技專校院,1026,樹德科技大學,272,1459975638,250060454,224647345,15886547,9526562,17.13,919339.90
108,私立,一般大學,1027,慈濟學校財團法人慈濟大學,235,1396702269,432545792,153887745,4774206,273883841,30.97,1840620.39
108,私立,一般大學,1028,臺北醫學大學,651,4495359456,1587907185,1277761736,258098366,52047083,35.32,2439181.54
108,私立,一般大學,1029,中山醫學大學,405,1899035668,558533798,379337619,139787197,39408982,29.41,1379095.80
108,私立,技專校院,1030,龍華科技大學,249,1423345073,253339362,198369268,43847040,11123054,17.80,1017427.16
108,私立,技專校院,1031,輔英科技大學,302,1269653638,143186587,123042462,15460484,4683641,11.28,474127.77
108,私立,技專校院,1032,明新學校財團法人明新科技大學,349,1408637261,123870075,98666477,19515512,5688086,8.79,354928.58
108,私立,一般大學,1033,長榮大學,322,1385346658,181854729,157544349,19151541,5158839,13.13,564766.24
108,私立,技專校院,1034,弘光科技大學,339,1775991988,369462765,318499320,49294446,1668999,20.80,1089860.66
108,私立,一般大學,1035,中國醫藥大學,509,4658175415,1029721242,629531587,356541739,43647916,22.11,2023027.98
108,私立,技專校院,1036,健行學校財團法人健行科技大學,276,1287855871,126148572,98763423,19335597,8049552,9.80,457060.04
108,私立,技專校院,1037,正修學校財團法人正修科技大學,435,2181963297,648151051,424242732,184154499,39753820,29.70,1490002.42
108,私立,技專校院,1038,萬能學校財團法人萬能科技大學,251,1166128221,71486146,49682973,18574933,3228240,6.13,284805.36
108,私立,一般大學,1039,玄奘大學,107,495028259,92676367,90738127,723000,1215240,18.72,866134.27
108,私立,技專校院,1040,建國科技大學,238,885778907,79958719,63630418,12655325,3672976,9.03,335961
108,私立,技專校院,1041,明志科技大學,193,2622342961,349392839,248591995,97541697,3259147,13.32,1810325.59
108,私立,技專校院,1042,高苑科技大學,198,746520791,129993124,118001198,6220586,5771340,17.41,656530.93
108,私立,技專校院,1043,大仁科技大學,205,693177476,98561144,86201854,9455690,2903600,14.22,480786.07
108,私立,技專校院,1044,聖約翰科技大學,167,437244427,62498136,58319246,3626800,552090,14.29,374240.34
108,私立,技專校院,1045,嶺東科技大學,275,1178733876,90197976,69739837,18745593,1712546,7.65,327992.64
108,私立,技專校院,1046,中國科技大學,265,1483473514,192530889,176838467,11697327,3995095,12.98,726531.66
108,私立,技專校院,1047,中臺科技大學,263,1007463336,121455968,112365976,4905620,4184372,12.06,461809.76
108,私立,一般大學,1048,亞洲大學,403,2242510732,376319329,334682348,23902316,17734665,16.78,933794.86
108,私立,一般大學,1049,開南大學,213,781848596,71087306,69372606,98450,1616250,9.09,333743.22
108,私立,一般大學,1050,佛光大學,166,888118979,120596241,112560199,2504600,5531442,13.58,726483.38
108,私立,技專校院,1051,台南家專學校財團法人台南應用科技大學,329,1431671316,111884622,80591743,20709379,10583500,7.81,340074.84
108,私立,技專校院,1052,遠東科技大學,200,803627271,216302777,177669522,30449135,8184120,26.92,1081513.89
108,私立,技專校院,1053,光宇學校財團法人元培醫事科技大學,197,776995295,91374433,70197546,19560376,1616511,11.76,463829.61
108,私立,技專校院,1054,景文科技大學,186,778896508,111625527,83061855,26341672,2222000,14.33,600137.24
108,私立,技專校院,1055,中華醫事科技大學,286,985894510,40104867,28219687,6783704,5101476,4.07,140226.81
108,私立,技專校院,1056,東南科技大學,181,706317640,94778699,81142989,12415710,1220000,13.42,523639.22
108,私立,技專校院,1057,德明財經科技大學,229,975023750,93381563,57851496,30933341,4596726,9.58,407779.75
108,私立,一般大學,1058,明道學校財團法人明道大學,119,623708936,75680190,65910250,2044000,7725940,12.13,635967.98
108,私立,技專校院,1060,南開科技大學,152,551963605,110650420,102194057,6139323,2317040,20.05,727963.29
108,私立,技專校院,1061,中華學校財團法人中華科技大學,170,758639969,61997808,56838808,4759000,400000,8.17,364692.99
108,私立,技專校院,1062,僑光科技大學,231,1047961681,102791785,60366910,27135369,15289506,9.81,444986.08
108,私立,技專校院,1063,廣亞學校財團法人育達科技大學,104,510816230,75963535,68425580,5702999,1834956,14.87,730418.61
108,私立,技專校院,1064,美和學校財團法人美和科技大學,223,810584035,98556997,84318462,10355635,3882900,12.16,441959.63
108,私立,技專校院,1065,吳鳳科技大學,147,603434923,78170132,70858342,6760513,551277,12.95,531769.61
108,私立,技專校院,1066,環球學校財團法人環球科技大學,152,496790778,51756392,45021772,4038801,2695819,10.42,340502.58
108,私立,一般大學,1067,台灣首府學校財團法人台灣首府大學,74,251276793,22899245,22483135,150000,266110,9.11,309449.26
108,私立,技專校院,1068,中州學校財團法人中州科技大學,99,323186720,38586633,34336387,2150246,2100000,11.94,389763.97
108,私立,技專校院,1069,修平學校財團法人修平科技大學,183,600645070,84604186,71172846,12209500,1221840,14.09,462317.96
108,私立,技專校院,1070,長庚學校財團法人長庚科技大學,277,1984425341,237274996,156667200,26284405,54323391,11.96,856588.43
108,私立,技專校院,1071,城市學校財團法人臺北城市科技大學,252,1044284332,74259058,61090371,10255207,2913480,7.11,294678.80
108,私立,技專校院,1072,大華學校財團法人敏實科技大學,47,366730738,22040748,20699748,806000,535000,6.01,468952.09
108,私立,技專校院,1073,醒吾學校財團法人醒吾科技大學,231,912429864,155553251,134037569,17323317,4192365,17.05,673390.70
108,私立,技專校院,1075,文藻學校財團法人文藻外語大學,266,1174627882,123677607,111477373,5338322,6861912,10.53,464953.41
108,私立,技專校院,1076,華夏學校財團法人華夏科技大學,142,465105601,57621798,52748798,4513000,360000,12.39,405787.31
108,私立,技專校院,1077,慈濟學校財團法人慈濟科技大學,161,738993927,104701557,92276024,4683870,7741663,14.17,650320.23
108,私立,技專校院,1078,致理學校財團法人致理科技大學,278,1175970602,165346588,137635305,21548694,6162589,14.06,594771.90
108,私立,一般大學,1079,康寧學校財團法人康寧大學,124,470466909,3577970,1016970,818500,1742500,0.76,28854.60
108,私立,技專校院,1080,宏國學校財團法人宏國德霖科技大學,186,586871180,23991328,6555738,14556190,2879400,4.09,128985.63
108,私立,技專校院,1081,東方學校財團法人東方設計大學,118,350589897,8923350,5302454,2852012,768884,2.55,75621.61
108,私立,技專校院,1082,崇右學校財團法人崇右影藝科技大學,85,324700272,20652505,13814805,6477800,359900,6.36,242970.65
108,私立,技專校院,1083,台北海洋學校財團法人台北海洋科技大學,138,573390559,77400262,71699650,2636800,3063812,13.50,560871.46
108,私立,一般大學,1125,中信學校財團法人中信金融管理學院,51,315571729,28027112,21620000,6094953,312159,8.88,549551.22
108,私立,技專校院,1148,大漢技術學院,44,117576198,3911723,1784148,2127575,0,3.33,88902.80
108,私立,技專校院,1159,和春技術學院,49,62055424,10729344,8374344,2355000,0,17.29,218966.20
108,私立,技專校院,1166,亞東技術學院,154,1139895048,105216306,88466798,10609508,6140000,9.23,683222.77
108,私立,技專校院,1168,南亞科技學校財團法人南亞技術學院,101,465264044,40226371,35349333,4877038,0,8.65,398280.90
108,私立,一般大學,1176,稻江科技暨管理學院,46,225430000,20343455,18797455,1233500,312500,9.02,442249.02
108,私立,技專校院,1182,蘭陽技術學院,51,159657295,6316370,4816370,502000,998000,3.96,123850.39
108,私立,技專校院,1183,黎明技術學院,158,552711486,72807358,60427469,10892261,1487628,13.17,460806.06
108,私立,技專校院,1185,經國管理暨健康學院,145,491618864,95691378,92282844,2760234,648300,19.46,659940.54
108,私立,技專校院,1188,大同技術學院,60,229860640,16015268,13725618,1899650,390000,6.97,266921.13
108,私立,技專校院,1192,臺灣觀光學院,18,75071010,7302070,7302070,0,0,9.73,405670.56
108,私立,一般大學,1195,馬偕學校財團法人馬偕醫學院,127,634863258,113891151,106286328,2654823,4950000,17.94,896780.72
108,私立,一般大學,1196,法鼓學校財團法人法鼓文理學院,26,184486552,1002000,1002000,0,0,0.54,38538.46
108,私立,技專校院,1282,馬偕學校財團法人馬偕醫護管理專科學校,143,657716784,37193706,26110100,2328888,8754718,5.65,260095.85
108,私立,技專校院,1283,仁德醫護管理專科學校,209,580080796,47887962,43501227,1879935,2506800,8.26,229129
108,私立,技專校院,1284,樹人醫護管理專科學校,221,632037088,103258407,101758502,446755,1053150,16.34,467232.61
108,私立,技專校院,1285,慈惠醫護管理專科學校,152,484558284,43986299,43162693,222500,601106,9.08,289383.55
108,私立,技專校院,1286,耕莘健康管理專科學校,169,544655105,119374390,118381609,803781,189000,21.92,706357.34
108,私立,技專校院,1287,敏惠醫護管理專科學校,120,41236643,41236643,40857143,379500,0,100,343638.69
108,私立,技專校院,1289,育英醫護管理專科學校,69,198929039,9239279,8919279,230000,90000,4.64,133902.59
108,私立,技專校院,1291,聖母醫護管理專科學校,93,268923190,37130663,35536159,530344,1064160,13.81,399254.44
108,私立,技專校院,1292,新生醫護管理專科學校,218,534566666,8658787,7966737,692050,0,1.62,39719.21
108,私立,技專校院,1293,崇仁醫護管理專科學校,126,269745145,63823669,60411879,3261790,150000,23.66,506537.06
108,私立,宗教研修學院,1R02,學校財團法人中華浸信會基督教台灣浸會神學院,12,26672370,0,0,0,0,0,0
108,私立,宗教研修學院,1R03,臺北基督學院,11,56754714,121000,121000,0,0,0.21,11000
108,私立,宗教研修學院,1R04,財團法人一貫道天皇基金會一貫道天皇學院,11,38573355,2907000,1500000,0,1407000,7.54,264272.73
108,私立,宗教研修學院,1R05,台神學校財團法人台灣神學研究學院,18,56039266,0,0,0,0,0,0
108,私立,宗教研修學院,1R06,一貫道崇德學院,6,100731974,0,0,0,0,0,0
108,私立,宗教研修學院,1R07,台灣基督長老教會南神神學院,10,21475395,0,0,0,0,0,0
108,公立,一般大學,3002,臺北市立大學,334,1590125654,387426878,368334267,17631158,1461453,24.36,1159960.71
109,公立,一般大學,0001,國立政治大學,731,4252391470,1181257774,1117065757,35549543,28642474,27.78,1615947.71
109,公立,一般大學,0002,國立清華大學,839,7392628130,4260269934,3733895849,355159392,171214693,57.63,5077794.92
109,公立,一般大學,0003,國立臺灣大學,2053,18351676047,9269200264,8500384451,402597494,366218319,50.51,4514953.85
109,公立,一般大學,0004,國立臺灣師範大學,823,6133624261,2633644733,2520111398,32631519,80901816,42.94,3200054.35
109,公立,一般大學,0005,國立成功大學,1336,10104992963,6446071801,5295243966,788252475,362575360,63.79,4824904.04
109,公立,一般大學,0006,國立中興大學,775,5423504579,2445076220,2095381213,171402294,178292713,45.08,3154937.06
109,公立,一般大學,0007,國立陽明交通大學,755,6662805138,3971497162,3289260532,491058088,191178542,59.61,5260261.14
109,公立,一般大學,0008,國立中央大學,669,4751307478,2710740556,2296509050,194211645,220019861,57.05,4051929.08
109,公立,一般大學,0009,國立中山大學,558,3739045189,1798106582,1533438132,144420358,120248092,48.09,3222413.23
109,公立,一般大學,0012,國立臺灣海洋大學,440,2690228078,1373497350,859280098,417679054,96538198,51.06,3121584.89
109,公立,一般大學,0013,國立中正大學,533,2761728807,954882891,934794064,12560713,7528114,34.58,1791525.12
109,公立,一般大學,0014,國立高雄師範大學,286,1531266238,414569774,390919950,6838936,16810888,27.07,1449544.66
109,公立,一般大學,0015,國立彰化師範大學,368,1697721007,413891566,386188026,19028190,8675350,24.38,1124705.34
109,公立,一般大學,0016,國立陽明大學,405,2823301312,1314214629,1202815630,64460099,46938900,46.55,3244974.39
109,公立,一般大學,0017,國立臺北大學,384,1705656615,339617654,321087345,8034221,10496088,19.91,884420.97
109,公立,一般大學,0018,國立嘉義大學,513,2398334944,633306453,562136149,39908053,31262251,26.41,1234515.50
109,公立,一般大學,0019,國立高雄大學,238,1151930749,266166140,239297526,22038723,4829891,23.11,1118345.13
109,公立,一般大學,0020,國立東華大學,457,2475626853,633392242,596373421,10516410,26502411,25.59,1385978.65
109,公立,一般大學,0021,國立暨南國際大學,273,1393224218,637677518,626056398,7179720,4441400,45.77,2335815.08
109,公立,技專校院,0022,國立臺灣科技大學,560,3438733736,1668090888,1362156046,253649981,52284861,48.51,2978733.73
109,公立,技專校院,0023,國立雲林科技大學,425,2574371863,1302182373,1132238210,134467086,35477077,50.58,3063958.52
109,公立,技專校院,0024,國立屏東科技大學,433,2546860634,875448727,680925364,156452781,38070582,34.37,2021821.54
109,公立,技專校院,0025,國立臺北科技大學,459,3840049237,1204662459,940066988,196446219,68149252,31.37,2624536.95
109,公立,一般大學,0028,國立臺北藝術大學,165,904411697,202038499,197317096,1260000,3461403,22.34,1224475.75
109,公立,一般大學,0029,國立臺灣藝術大學,155,1089066919,176471039,170821647,2187292,3462100,16.20,1138522.83
109,公立,一般大學,0030,國立臺東大學,202,1078782096,364557071,344810383,8580993,11165695,33.79,1804737.98
109,公立,一般大學,0031,國立宜蘭大學,235,1274674638,370707961,322584581,35304175,12819205,29.08,1577480.69
109,公立,一般大學,0032,國立聯合大學,284,1319901911,491807388,465380306,19800820,6626262,37.26,1731716.15
109,公立,技專校院,0033,國立虎尾科技大學,347,1967844016,669862387,565498990,71606370,32757027,34.04,1930439.16
109,公立,一般大學,0035,國立臺南藝術大學,109,591299675,102731189,98569814,2645600,1515775,17.37,942487.97
109,公立,一般大學,0036,國立臺南大學,230,1153839427,309513683,277422308,26703940,5387435,26.82,1345711.67
109,公立,一般大學,0037,國立臺北教育大學,238,1203339827,180576883,169432869,2492407,8651607,15.01,758726.40
109,公立,一般大學,0039,國立臺中教育大學,203,1230310185,413999202,388187591,11375882,14435729,33.65,2039404.94
109,公立,技專校院,0042,國立澎湖科技大學,127,607415217,132983808,125664767,5156000,2163041,21.89,1047116.60
109,公立,技專校院,0043,國立勤益科技大學,315,1753900448,383188312,286235900,76580817,20371595,21.85,1216470.83
109,公立,一般大學,0044,國立體育大學,102,724512910,199082128,168741317,27911211,2429600,27.48,1951785.57
109,公立,技專校院,0046,國立臺北護理健康大學,207,923872706,210384354,200385660,8919016,1079678,22.77,1016349.54
109,公立,技專校院,0047,國立高雄餐旅大學,164,801311732,166174444,152466783,9798008,3909653,20.74,1013258.80
109,公立,一般大學,0048,國立金門大學,147,821141940,68129322,49186322,17745000,1198000,8.30,463464.78
109,公立,一般大學,0049,國立臺灣體育運動大學,124,675834498,110179944,79459266,27222678,3498000,16.30,888547.94
109,公立,技專校院,0050,國立臺中科技大學,423,1866965150,160277325,133027515,19971310,7278500,8.58,378906.21
109,公立,技專校院,0051,國立臺北商業大學,221,1119191057,142961942,124119126,10419550,8423266,12.77,646886.62
109,公立,一般大學,0052,國立屏東大學,350,1595465568,349375527,327586621,9223467,12565439,21.90,998215.79
109,公立,技專校院,0053,國立高雄科技大學,864,5065500539,1556466137,1117377490,366038923,73049724,30.73,1801465.44
109,公立,技專校院,0144,國立臺灣戲曲學院,32,593184716,10269900,8603600,599000,1067300,1.73,320934.38
109,公立,技專校院,0221,國立臺南護理專科學校,92,346692783,52606284,51816284,540000,250000,15.17,571807.43
109,公立,技專校院,0222,國立臺東專科學校,67,467523674,49514111,48104111,300000,1110000,10.59,739016.58
109,私立,一般大學,1001,東海大學,561,2921249421,545029848,462687953,64000895,18341000,18.66,971532.71
109,私立,一般大學,1002,輔仁大學,728,3863291410,436117748,398554923,17992240,19570585,11.29,599062.84
109,私立,一般大學,1003,東吳大學,431,2178691441,266074107,243677448,17982434,4414225,12.21,617341.32
109,私立,一般大學,1004,中原大學,496,3191110307,760626077,599997304,88660072,71968701,23.84,1533520.32
109,私立,一般大學,1005,淡江大學學校財團法人淡江大學,722,3657480546,409241858,379945049,24664374,4632435,11.19,566816.98
109,私立,一般大學,1006,中國文化大學,704,3584644747,294906236,256842604,18513100,19550532,8.23,418900.90
109,私立,一般大學,1007,逢甲大學,664,4543443848,1077327966,980753087,73927054,22647825,23.71,1622481.88
109,私立,一般大學,1008,靜宜大學,383,1803560612,365251677,332368574,30200051,2683052,20.25,953659.73
109,私立,一般大學,1009,長庚大學,571,4072004719,1103245295,685458456,109412910,308373929,27.09,1932128.36
109,私立,一般大學,1010,元智大學,301,2253616796,400758348,316714181,29511457,54532710,17.78,1331423.08
109,私立,一般大學,1011,中華大學學校財團法人中華大學,216,912758662,148615023,125065627,12948645,10600751,16.28,688032.51
109,私立,一般大學,1012,大葉大學,292,1260471051,224699659,203310902,17177084,4211673,17.83,769519.38
109,私立,一般大學,1013,華梵大學,76,260556691,38595273,36730729,1864544,0,14.81,507832.54
109,私立,一般大學,1014,義守大學,540,2455961125,471837539,299572423,42586931,129678185,19.21,873773.22
109,私立,一般大學,1015,世新大學,346,1872844260,315795263,277493739,30158724,8142800,16.86,912703.07
109,私立,一般大學,1016,銘傳大學,568,2572327856,231806964,221738486,7974883,2093595,9.01,408110.85
109,私立,一般大學,1017,實踐大學,339,2096947549,181548365,162888346,13420499,5239520,8.66,535540.90
109,私立,技專校院,1018,朝陽科技大學,394,2271916983,404721144,306672414,82551710,15497020,17.81,1027211.03
109,私立,一般大學,1019,高雄醫學大學,544,3889904867,1097182162,847188581,224267791,25725790,28.21,2016878.97
109,私立,一般大學,1020,南華大學,192,1204959905,166404330,161412341,1427989,3564000,13.81,866689.22
109,私立,一般大學,1021,真理大學,233,672023560,35404694,35404694,0,0,5.27,151951.48
109,私立,一般大學,1022,大同大學,143,748700387,112149268,97030951,14622226,496091,14.98,784260.62
109,私立,技專校院,1023,南臺學校財團法人南臺科技大學,559,2865423395,593436563,455164118,101601666,36670779,20.71,1061603.87
109,私立,技專校院,1024,崑山科技大學,313,1728879625,525427119,473004065,35851957,16571097,30.39,1678680.89
109,私立,技專校院,1025,嘉藥學校財團法人嘉南藥理大學,391,1946503051,252242797,200563299,42613293,9066205,12.96,645122.24
109,私立,技專校院,1026,樹德科技大學,267,1336096375,212717459,192422572,16405385,3889502,15.92,796694.60
109,私立,一般大學,1027,慈濟學校財團法人慈濟大學,238,1549787037,487145063,180521049,1012864,305611150,31.43,2046828
109,私立,一般大學,1028,臺北醫學大學,669,5024703898,1577636634,1194851406,296995522,85789706,31.40,2358201.25
109,私立,一般大學,1029,中山醫學大學,404,1870090771,516041325,323881966,150522465,41636894,27.59,1277330.01
109,私立,技專校院,1030,龍華科技大學,265,1352536185,261784556,202079281,46155145,13550130,19.36,987866.25
109,私立,技專校院,1031,輔英科技大學,323,1237391108,187029885,147388449,35104715,4536721,15.11,579039.89
109,私立,技專校院,1032,明新學校財團法人明新科技大學,323,1328459549,145913405,113922211,25160169,6831025,10.98,451744.29
109,私立,一般大學,1033,長榮大學,323,1353691741,220241994,185501944,26055203,8684847,16.27,681863.76
109,私立,技專校院,1034,弘光科技大學,343,1665922400,364347666,315864768,43381367,5101531,21.87,1062238.09
109,私立,一般大學,1035,中國醫藥大學,521,4731172444,1260293396,568203827,668209335,23880234,26.64,2418989.24
109,私立,技專校院,1036,健行學校財團法人健行科技大學,285,1290982590,116864027,91661728,16644225,8558074,9.05,410049.22
109,私立,技專校院,1037,正修學校財團法人正修科技大學,425,2222186016,733299153,466064277,213028804,54206072,33,1725409.77
109,私立,技專校院,1038,萬能學校財團法人萬能科技大學,251,1050478596,125356665,102877415,20579250,1900000,11.93,499428.94
109,私立,一般大學,1039,玄奘大學,112,418486900,73233286,71469386,835000,928900,17.50,653868.63
109,私立,技專校院,1040,建國科技大學,223,737635779,57835495,42749706,12457511,2628278,7.84,259352
109,私立,技專校院,1041,明志科技大學,199,2090910111,402078282,269399227,130494055,2185000,19.23,2020493.88
109,私立,技專校院,1042,高苑科技大學,187,289177457,117014418,102821318,9617600,4575500,40.46,625745.55
109,私立,技專校院,1043,大仁科技大學,180,692664982,78194785,75817745,1860000,517040,11.29,434415.47
109,私立,技專校院,1044,聖約翰科技大學,133,314036160,34982570,32103198,1878160,1001212,11.14,263026.84
109,私立,技專校院,1045,嶺東科技大學,274,1193925171,118018924,87146294,27300795,3571835,9.88,430726
109,私立,技專校院,1046,中國科技大學,248,1074483828,155523419,135482800,17091413,2949206,14.47,627110.56
109,私立,技專校院,1047,中臺科技大學,242,960792008,147860346,132595782,7406265,7858299,15.39,610993.17
109,私立,一般大學,1048,亞洲大學,394,2245945889,414266516,373052419,21629584,19584513,18.45,1051437.86
109,私立,一般大學,1049,開南大學,204,708846564,132936093,131070410,0,1865683,18.75,651647.51
109,私立,一般大學,1050,佛光大學,165,832780441,99923956,90546233,2690323,6687400,12,605599.73
109,私立,技專校院,1051,台南家專學校財團法人台南應用科技大學,328,1409216105,116550260,89489731,21470529,5590000,8.27,355336.16
109,私立,技專校院,1052,遠東科技大學,183,672876008,169923650,141836979,23962256,4124415,25.25,928544.54
109,私立,技專校院,1053,光宇學校財團法人元培醫事科技大學,184,949863470,68842898,51243844,13433944,4165110,7.25,374146.18
109,私立,技專校院,1054,景文科技大學,172,771908569,121432617,96637565,22305052,2490000,15.73,706003.59
109,私立,技專校院,1055,中華醫事科技大學,279,1034359093,42704229,27659399,8980601,6064229,4.13,153061.75
109,私立,技專校院,1056,東南科技大學,170,674817843,93096667,79562917,11158750,2375000,13.80,547627.45
109,私立,技專校院,1057,德明財經科技大學,224,896939711,78940576,59331068,16935789,2673719,8.80,352413.29
109,私立,一般大學,1058,明道學校財團法人明道大學,116,555457332,70054255,65786756,110000,4157499,12.61,603915.99
109,私立,技專校院,1060,南開科技大學,140,468485574,94822706,85855014,7331692,1636000,20.24,677305.04
109,私立,技專校院,1061,中華學校財團法人中華科技大學,155,626459745,48640390,36012390,12148000,480000,7.76,313808.97
109,私立,技專校院,1062,僑光科技大學,237,1008799363,91876698,63976369,23670629,4229700,9.11,387665.39
109,私立,技專校院,1063,廣亞學校財團法人育達科技大學,96,422262647,77799563,71973621,4502526,1323416,18.42,810412.11
109,私立,技專校院,1064,美和學校財團法人美和科技大學,212,685370265,90139786,82142920,4487816,3509050,13.15,425187.67
109,私立,技專校院,1065,吳鳳科技大學,145,577303881,76029295,69108018,6350000,571277,13.17,524339.97
109,私立,技專校院,1066,環球學校財團法人環球科技大學,137,445518313,48543518,42880123,2656000,3007395,10.90,354332.25
109,私立,一般大學,1067,台灣首府學校財團法人台灣首府大學,66,164166507,2843677,2595977,220000,27700,1.73,43086.02
109,私立,技專校院,1068,中州學校財團法人中州科技大學,88,281691330,27295744,24431713,1020200,1843831,9.69,310178.91
109,私立,技專校院,1069,修平學校財團法人修平科技大學,177,568065599,86179950,73181270,12738680,260000,15.17,486892.37
109,私立,技專校院,1070,長庚學校財團法人長庚科技大學,328,1715782109,236076762,161258246,15032284,59786232,13.76,719746.23
109,私立,技專校院,1071,城市學校財團法人臺北城市科技大學,251,1024170864,73013878,61888879,9127100,1997899,7.13,290891.94
109,私立,技專校院,1072,大華學校財團法人敏實科技大學,41,144597249,19330189,17234189,1746000,350000,13.37,471468.02
109,私立,技專校院,1073,醒吾學校財團法人醒吾科技大學,218,861880925,153325428,138498928,12419500,2407000,17.79,703327.65
109,私立,技專校院,1075,文藻學校財團法人文藻外語大學,267,1170929758,124469662,105579860,4040648,14849154,10.63,466178.51
109,私立,技專校院,1076,華夏學校財團法人華夏科技大學,123,427264707,53908999,45879139,7374860,655000,12.62,438284.54
109,私立,技專校院,1077,慈濟學校財團法人慈濟科技大學,163,736559447,40604746,31275019,1348220,7981507,5.51,249108.87
109,私立,技專校院,1078,致理學校財團法人致理科技大學,269,1145608462,152196680,121874123,25047727,5274830,13.29,565786.91
109,私立,一般大學,1079,康寧學校財團法人康寧大學,121,319513765,3323399,1089210,1026500,1207689,1.04,27466.11
109,私立,技專校院,1080,宏國學校財團法人宏國德霖科技大學,181,549258479,23066262,5852552,15472610,1741100,4.20,127437.91
109,私立,技專校院,1081,東方學校財團法人東方設計大學,95,4153848,4153848,3458836,595012,100000,100,43724.72
109,私立,技專校院,1082,崇右學校財團法人崇右影藝科技大學,75,288774347,18175691,12268491,5353200,554000,6.29,242342.55
109,私立,技專校院,1083,台北海洋學校財團法人台北海洋科技大學,143,544943917,71552941,62482441,5618300,3452200,13.13,500370.22
109,私立,一般大學,1125,中信學校財團法人中信金融管理學院,55,311119661,44957463,40328717,2774096,1854650,14.45,817408.42
109,私立,技專校院,1148,大漢技術學院,42,102704621,4080248,2560248,1520000,0,3.97,97148.76
109,私立,技專校院,1159,和春技術學院,48,99255404,5728057,3455465,1989592,283000,5.77,119334.52
109,私立,技專校院,1166,亞東技術學院,149,1050113155,122413619,101052760,12642710,8718149,11.66,821567.91
109,私立,技專校院,1168,南亞科技學校財團法人南亞技術學院,93,389640555,51322732,40641872,10680860,0,13.17,551857.33
109,私立,技專校院,1182,蘭陽技術學院,44,149362675,6133416,5843416,90000,200000,4.11,139395.82
109,私立,技專校院,1183,黎明技術學院,169,576085049,78532874,64832874,13505000,195000,13.63,464691.56
109,私立,技專校院,1185,經國管理暨健康學院,139,479092819,56492167,51539467,4043000,909700,11.79,406418.47
109,私立,技專校院,1188,大同技術學院,52,135195082,14101420,11564420,2327000,210000,10.43,271181.15
109,私立,一般大學,1195,馬偕學校財團法人馬偕醫學院,127,646210323,91383102,86687977,4395125,300000,14.14,719551.98
109,私立,一般大學,1196,法鼓學校財團法人法鼓文理學院,24,168878978,3525300,3525300,0,0,2.09,146887.50
109,私立,技專校院,1282,馬偕學校財團法人馬偕醫護管理專科學校,145,530554118,43153670,28044858,3563374,11545438,8.13,297611.52
109,私立,技專校院,1283,仁德醫護管理專科學校,216,606451708,78334633,74395475,2660358,1278800,12.92,362660.34
109,私立,技專校院,1284,樹人醫護管理專科學校,224,673094701,105293499,102949464,295300,2048735,15.64,470060.26
109,私立,技專校院,1285,慈惠醫護管理專科學校,140,385691398,38482109,38262109,220000,0,9.98,274872.21
109,私立,技專校院,1286,耕莘健康管理專科學校,164,538604259,147763353,114719808,2398813,30644732,27.43,900996.05
109,私立,技專校院,1287,敏惠醫護管理專科學校,128,506904922,67889881,67158881,731000,0,13.39,530389.70
109,私立,技專校院,1289,育英醫護管理專科學校,70,147510197,16101300,15553800,330000,217500,10.92,230018.57
109,私立,技專校院,1291,聖母醫護管理專科學校,89,257908565,75549207,72686112,530130,2332965,29.29,848867.49
109,私立,技專校院,1292,新生醫護管理專科學校,214,497655611,15995817,15345817,650000,0,3.21,74746.81
109,私立,技專校院,1293,崇仁醫護管理專科學校,124,361533375,59926095,54372105,5433397,120593,16.58,483274.96
109,私立,宗教研修學院,1R02,學校財團法人中華浸信會基督教台灣浸會神學院,12,26361088,89746,89746,0,0,0.34,7478.83
109,私立,宗教研修學院,1R03,臺北基督學院,10,52899496,0,0,0,0,0,0
109,私立,宗教研修學院,1R04,財團法人一貫道天皇基金會一貫道天皇學院,12,20380808,2682000,2452000,0,230000,13.16,223500
109,私立,宗教研修學院,1R05,台神學校財團法人台灣神學研究學院,19,59491121,0,0,0,0,0,0
109,私立,宗教研修學院,1R06,一貫道崇德學院,6,132323493,0,0,0,0,0,0
109,私立,宗教研修學院,1R07,台灣基督長老教會南神神學院,10,22881504,0,0,0,0,0,0
109,公立,一般大學,3002,臺北市立大學,323,1675047413,116492841,95138443,13730207,7624191,6.95,360658.95
