年度,設立別,學校類別,學校統計處代碼,學校名稱,專任教師數,學校承接「產學合作」計畫經費-小計,學校承接「產學合作」計畫經費-政府部門資助,學校承接「產學合作」計畫經費-企業部門資助,學校承接「產學合作」計畫經費-其他單位資助,專任教師每師平均承接「產學合作」計畫經費
105,公立,一般大學,0001,國立政治大學,731,212480543,196239868,5237508,11003167,290671.06
105,公立,一般大學,0002,國立清華大學,655,503149732,205869850,208608726,88671156,768167.53
105,公立,一般大學,0003,國立臺灣大學,2056,1967182921,1251168406,438325888,277688627,956801.03
105,公立,一般大學,0004,國立臺灣師範大學,820,1062942206,967412099,59314620,36215487,1296270.98
105,公立,一般大學,0005,國立成功大學,1342,1479233089,914227718,293672112,271333259,1102260.13
105,公立,一般大學,0006,國立中興大學,771,428775403,146766250,237374166,44634987,556128.93
105,公立,一般大學,0007,國立陽明交通大學,729,903801395,472796414,280286856,150718125,1239782.43
105,公立,一般大學,0008,國立中央大學,655,818396932,432574582,96177001,289645349,1249460.96
105,公立,一般大學,0009,國立中山大學,515,354983078,170264789,77413086,107305203,689287.53
105,公立,一般大學,0012,國立臺灣海洋大學,415,265634513,132559274,85620637,47454602,640083.16
105,公立,一般大學,0013,國立中正大學,536,148073507,31594564,116202181,276762,276256.54
105,公立,一般大學,0014,國立高雄師範大學,293,21917902,11718419,7169483,3030000,74805.13
105,公立,一般大學,0015,國立彰化師範大學,377,23178000,10643000,9476000,3059000,61480.11
105,公立,一般大學,0016,國立陽明大學,404,105436301,31986098,69100203,4350000,260980.94
105,公立,一般大學,0017,國立臺北大學,369,24017764,3251800,8391736,12374228,65088.79
105,公立,一般大學,0018,國立嘉義大學,519,110924034,33423084,60437365,17063585,213726.46
105,公立,一般大學,0019,國立高雄大學,236,49815472,33473851,12395621,3946000,211082.51
105,公立,一般大學,0020,國立東華大學,492,84626573,46692987,36257586,1676000,172005.23
105,公立,一般大學,0021,國立暨南國際大學,266,18147704,2293000,8936845,6917859,68224.45
105,公立,技專校院,0022,國立臺灣科技大學,462,367322256,92948086,213666580,60707590,795069.82
105,公立,技專校院,0023,國立雲林科技大學,370,342634038,250753428,71437220,20443390,926037.94
105,公立,技專校院,0024,國立屏東科技大學,398,92041408,0,92041408,0,231259.82
105,公立,技專校院,0025,國立臺北科技大學,445,325230409,136947370,151588804,36694235,730854.85
105,公立,技專校院,0026,國立高雄第一科技大學,266,191486658,111684808,51200905,28600945,719874.65
105,公立,技專校院,0027,國立高雄應用科技大學,355,119120575,59713612,44240137,15166826,335550.92
105,公立,一般大學,0028,國立臺北藝術大學,163,27937835,6529560,196764,21211511,171397.76
105,公立,一般大學,0029,國立臺灣藝術大學,160,53034619,43995988,3771706,5266925,331466.37
105,公立,一般大學,0030,國立臺東大學,186,8401417,2783417,4948000,670000,45168.91
105,公立,一般大學,0031,國立宜蘭大學,233,62954563,24290738,28929225,9734600,270191.26
105,公立,一般大學,0032,國立聯合大學,292,63734628,30698905,20679698,12356025,218269.27
105,公立,技專校院,0033,國立虎尾科技大學,330,161056916,62451974,75942373,22662569,488051.26
105,公立,技專校院,0034,國立高雄海洋科技大學,234,143059170,22180430,112827885,8050855,611363.97
105,公立,一般大學,0035,國立臺南藝術大學,106,27764524,22194930,1060000,4509594,261929.47
105,公立,一般大學,0036,國立臺南大學,242,22450478,12809140,9641338,0,92770.57
105,公立,一般大學,0037,國立臺北教育大學,224,4570500,300500,4270000,0,20404.02
105,公立,一般大學,0038,國立新竹教育大學,179,44642484,43682976,922908,36600,249399.35
105,公立,一般大學,0039,國立臺中教育大學,198,139640998,132901634,6739364,0,705257.57
105,公立,技專校院,0042,國立澎湖科技大學,123,855000,345000,510000,0,6951.22
105,公立,技專校院,0043,國立勤益科技大學,286,45382353,7222071,28916052,9244230,158679.56
105,公立,一般大學,0044,國立體育大學,92,17644845,0,8631517,9013328,191791.79
105,公立,技專校院,0046,國立臺北護理健康大學,171,22457917,15292559,5755316,1410042,131332.85
105,公立,技專校院,0047,國立高雄餐旅大學,149,43790295,28887301,13175670,1727324,293894.60
105,公立,一般大學,0048,國立金門大學,145,7832695,7757695,75000,0,54018.59
105,公立,一般大學,0049,國立臺灣體育運動大學,103,12770613,3462342,4735819,4572452,123986.53
105,公立,技專校院,0050,國立臺中科技大學,403,43474201,23441412,13705213,6327576,107876.43
105,公立,技專校院,0051,國立臺北商業大學,206,17435190,3612455,10884744,2937991,84636.84
105,公立,一般大學,0052,國立屏東大學,341,69899001,56846162,4050363,9002476,204982.41
105,公立,技專校院,0144,國立臺灣戲曲學院,34,10299859,1003400,2424412,6872047,302937.03
105,公立,技專校院,0221,國立臺南護理專科學校,88,5270000,0,5210000,60000,59886.36
105,公立,技專校院,0222,國立臺東專科學校,63,6443216,5797716,495500,150000,102273.27
105,私立,一般大學,1001,東海大學,541,64659915,34212390,13757471,16690054,119519.25
105,私立,一般大學,1002,輔仁大學,712,44975540,2425768,6782705,35767067,63167.89
105,私立,一般大學,1003,東吳大學,442,27848167,9710243,11094062,7043862,63004.90
105,私立,一般大學,1004,中原大學,505,165510772,35562680,101216311,28731781,327744.10
105,私立,一般大學,1005,淡江大學學校財團法人淡江大學,796,133529994,68214514,46294192,19021288,167751.25
105,私立,一般大學,1006,中國文化大學,757,48004765,28392509,14826578,4785678,63414.48
105,私立,一般大學,1007,逢甲大學,657,599067157,490686809,66707910,41672438,911822.16
105,私立,一般大學,1008,靜宜大學,374,58840297,25890265,31376649,1573383,157327
105,私立,一般大學,1009,長庚大學,619,94943171,19774000,60158076,15011095,153381.54
105,私立,一般大學,1010,元智大學,318,92929764,36851796,24956731,31121237,292231.96
105,私立,一般大學,1011,中華大學學校財團法人中華大學,278,38040953,11457991,19074139,7508823,136837.96
105,私立,一般大學,1012,大葉大學,338,43695969,13464372,24180437,6051160,129278.01
105,私立,一般大學,1013,華梵大學,120,2620700,1140000,1420700,60000,21839.17
105,私立,一般大學,1014,義守大學,501,150483630,48432599,55330091,46720940,300366.53
105,私立,一般大學,1015,世新大學,319,101055856,85764744,7107780,8183332,316789.52
105,私立,一般大學,1016,銘傳大學,593,32551293,19283458,8540335,4727500,54892.57
105,私立,一般大學,1017,實踐大學,410,57735427,46708604,6879735,4147088,140818.11
105,私立,技專校院,1018,朝陽科技大學,407,130136014,58502963,53377792,18255259,319744.51
105,私立,一般大學,1019,高雄醫學大學,563,322318752,141216545,161855877,19246330,572502.22
105,私立,一般大學,1020,南華大學,225,47012662,45058006,1954656,0,208945.16
105,私立,一般大學,1021,真理大學,294,6030000,6030000,0,0,20510.20
105,私立,一般大學,1022,大同大學,176,55456842,34638936,16033506,4784400,315095.69
105,私立,技專校院,1023,南臺學校財團法人南臺科技大學,576,149125332,29108000,77584844,42432488,258898.15
105,私立,技專校院,1024,崑山科技大學,376,112989417,64648764,34758021,13582632,300503.77
105,私立,技專校院,1025,嘉藥學校財團法人嘉南藥理大學,493,101087961,52318386,48049055,720520,205046.57
105,私立,技專校院,1026,樹德科技大學,282,74336842,55810424,14593285,3933133,263605.82
105,私立,一般大學,1027,慈濟學校財團法人慈濟大學,257,238405521,13328269,4857862,220219390,927647.94
105,私立,一般大學,1028,臺北醫學大學,580,186267566,29765900,135468523,21033143,321150.98
105,私立,一般大學,1029,中山醫學大學,417,171516658,21496571,33443820,116576267,411310.93
105,私立,技專校院,1030,龍華科技大學,244,42314656,6585000,25305106,10424550,173420.72
105,私立,技專校院,1031,輔英科技大學,340,9659530,0,2559174,7100356,28410.38
105,私立,技專校院,1032,明新學校財團法人明新科技大學,375,27285861,9577923,14580938,3127000,72762.30
105,私立,一般大學,1033,長榮大學,343,70818867,35780178,16358163,18680526,206469
105,私立,技專校院,1034,弘光科技大學,328,76790961,2515000,68857032,5418929,234118.78
105,私立,一般大學,1035,中國醫藥大學,508,539201215,65377000,457973774,15850441,1061419.71
105,私立,技專校院,1036,健行學校財團法人健行科技大學,325,21414709,3615000,11553509,6246200,65891.41
105,私立,技專校院,1037,正修學校財團法人正修科技大學,440,230101052,38041389,165728725,26330938,522956.94
105,私立,技專校院,1038,萬能學校財團法人萬能科技大學,249,21768910,7258500,12231410,2279000,87425.34
105,私立,一般大學,1039,玄奘大學,158,19339140,15217000,3287690,834450,122399.62
105,私立,技專校院,1040,建國科技大學,275,29068182,10353768,13887169,4827245,105702.48
105,私立,技專校院,1041,明志科技大學,197,75744042,18447700,54428006,2868336,384487.52
105,私立,技專校院,1042,高苑科技大學,269,41843525,33453360,5464360,2925805,155552.14
105,私立,技專校院,1043,大仁科技大學,271,18796934,910000,14693046,3193888,69361.38
105,私立,技專校院,1044,聖約翰科技大學,194,8321892,1302000,5874892,1145000,42896.35
105,私立,技專校院,1045,嶺東科技大學,268,27343147,6683000,17921147,2739000,102026.67
105,私立,技專校院,1046,中國科技大學,312,31256522,24194800,3875222,3186500,100181.16
105,私立,技專校院,1047,中臺科技大學,263,9378698,1649000,3360948,4368750,35660.45
105,私立,一般大學,1048,亞洲大學,395,186845448,140508776,22946210,23390462,473026.45
105,私立,一般大學,1049,開南大學,272,4790800,2948800,892000,950000,17613.24
105,私立,一般大學,1050,佛光大學,175,8671020,3261000,3810020,1600000,49548.69
105,私立,技專校院,1051,台南家專學校財團法人台南應用科技大學,330,32242429,4767500,19660429,7814500,97704.33
105,私立,技專校院,1052,遠東科技大學,243,64034712,21348700,38287892,4398120,263517.33
105,私立,技專校院,1053,光宇學校財團法人元培醫事科技大學,221,12776129,631000,8528915,3616214,57810.54
105,私立,技專校院,1054,景文科技大學,230,37996578,2349170,25967746,9679662,165202.51
105,私立,技專校院,1055,中華醫事科技大學,296,21058116,1110000,11405100,8543016,71142.28
105,私立,技專校院,1056,東南科技大學,223,13137886,227131,10780635,2130120,58914.29
105,私立,技專校院,1057,德明財經科技大學,240,47925739,2399803,30388263,15137673,199690.58
105,私立,一般大學,1058,明道學校財團法人明道大學,146,5738750,2082000,1513341,2143409,39306.51
105,私立,技專校院,1060,南開科技大學,198,13438311,345000,12805311,288000,67870.26
105,私立,技專校院,1061,中華學校財團法人中華科技大學,251,20513410,4428290,14985120,1100000,81726.73
105,私立,技專校院,1062,僑光科技大學,228,15296037,500000,13544900,1251137,67087.88
105,私立,技專校院,1063,廣亞學校財團法人育達科技大學,137,24459352,8977578,7406310,8075464,178535.42
105,私立,技專校院,1064,美和學校財團法人美和科技大學,241,26673389,17535759,6091780,3045850,110677.96
105,私立,技專校院,1065,吳鳳科技大學,159,11729033,2000000,8958848,770185,73767.50
105,私立,技專校院,1066,環球學校財團法人環球科技大學,182,11427872,3843512,5918000,1666360,62790.51
105,私立,一般大學,1067,台灣首府學校財團法人台灣首府大學,123,1736250,1358750,180000,197500,14115.85
105,私立,技專校院,1068,中州學校財團法人中州科技大學,137,19969736,14842193,3667343,1460200,145764.50
105,私立,技專校院,1069,修平學校財團法人修平科技大學,225,19656008,4639000,15017008,0,87360.04
105,私立,技專校院,1070,長庚學校財團法人長庚科技大學,354,67608056,4700000,7067161,55840895,190983.21
105,私立,技專校院,1071,城市學校財團法人臺北城市科技大學,249,15352761,0,13050884,2301877,61657.67
105,私立,技專校院,1072,大華學校財團法人敏實科技大學,119,5700533,1520000,3244533,936000,47903.64
105,私立,技專校院,1073,醒吾學校財團法人醒吾科技大學,244,35277103,10336000,21503449,3437654,144578.29
105,私立,技專校院,1074,南榮學校財團法人南榮科技大學,110,7592166,1455000,5172666,964500,69019.69
105,私立,技專校院,1075,文藻學校財團法人文藻外語大學,272,21553119,7071468,5560600,8921051,79239.41
105,私立,技專校院,1076,華夏學校財團法人華夏科技大學,171,7249629,0,7169629,80000,42395.49
105,私立,技專校院,1077,慈濟學校財團法人慈濟科技大學,150,11505119,3665032,6520567,1319520,76700.79
105,私立,技專校院,1078,致理學校財團法人致理科技大學,268,20297279,5480180,12137099,2680000,75736.12
105,私立,一般大學,1079,康寧學校財團法人康寧大學,171,2252928,0,1184000,1068928,13175.02
105,私立,一般大學,1125,中信學校財團法人中信金融管理學院,27,150000,0,0,150000,5555.56
105,私立,技專校院,1148,大漢技術學院,51,2611500,886000,1665500,60000,51205.88
105,私立,技專校院,1159,和春技術學院,124,11301154,257284,11043870,0,91138.34
105,私立,技專校院,1166,亞東技術學院,171,17406550,2667974,8228576,6510000,101792.69
105,私立,技專校院,1168,南亞科技學校財團法人南亞技術學院,161,14075294,1968960,12106334,0,87424.19
105,私立,一般大學,1176,稻江科技暨管理學院,63,13235258,10774398,2117500,343360,210083.46
105,私立,技專校院,1179,德霖技術學院,203,16266074,340000,15525074,401000,80128.44
105,私立,技專校院,1182,蘭陽技術學院,98,3445550,99550,975000,2371000,35158.67
105,私立,技專校院,1183,黎明技術學院,147,3821000,300000,3466000,55000,25993.20
105,私立,技專校院,1184,東方設計學院,155,16321682,0,15623882,697800,105301.17
105,私立,技專校院,1185,經國管理暨健康學院,136,4753262,0,4539262,214000,34950.46
105,私立,技專校院,1187,崇右技術學院,104,7229300,434000,6795300,0,69512.50
105,私立,技專校院,1188,大同技術學院,69,3251000,327000,2774000,150000,47115.94
105,私立,技專校院,1192,臺灣觀光學院,47,1727000,590000,327000,810000,36744.68
105,私立,一般大學,1195,馬偕學校財團法人馬偕醫學院,107,3501000,50000,2025000,1426000,32719.63
105,私立,一般大學,1196,法鼓學校財團法人法鼓文理學院,21,2564260,0,0,2564260,122107.62
105,私立,技專校院,1197,台北海洋技術學院,174,10720778,1646981,5125157,3948640,61613.67
105,私立,技專校院,1282,馬偕學校財團法人馬偕醫護管理專科學校,140,2483022,350000,1913022,220000,17735.87
105,私立,技專校院,1283,仁德醫護管理專科學校,208,1400000,600000,500000,300000,6730.77
105,私立,技專校院,1284,樹人醫護管理專科學校,213,1414000,0,903500,510500,6638.50
105,私立,技專校院,1285,慈惠醫護管理專科學校,171,335000,0,235000,100000,1959.06
105,私立,技專校院,1286,耕莘健康管理專科學校,174,2373495,0,2021353,352142,13640.78
105,私立,技專校院,1287,敏惠醫護管理專科學校,127,2607050,0,2607050,0,20527.95
105,私立,技專校院,1289,育英醫護管理專科學校,74,560000,0,500000,60000,7567.57
105,私立,技專校院,1290,崇仁醫護管理專科學校,121,3109929,2990200,0,119729,25701.89
105,私立,技專校院,1291,聖母醫護管理專科學校,115,17291496,15194961,1696535,400000,150360.83
105,私立,技專校院,1292,新生醫護管理專科學校,190,850000,150000,700000,0,4473.68
105,公立,一般大學,3002,臺北市立大學,329,5528014,2964877,2495137,68000,16802.47
106,公立,一般大學,0001,國立政治大學,722,290916700,235390480,4022408,51503812,402931.72
106,公立,一般大學,0002,國立清華大學,824,616670966,306444000,232714553,77512413,748387.09
106,公立,一般大學,0003,國立臺灣大學,2045,2036999697,1475297649,306786697,254915351,996087.87
106,公立,一般大學,0004,國立臺灣師範大學,826,1110024519,1012629212,60067724,37327583,1343855.35
106,公立,一般大學,0005,國立成功大學,1326,1895034488,1125039526,398229848,371765114,1429136.11
106,公立,一般大學,0006,國立中興大學,769,616235429,268293300,282212871,65729258,801346.46
106,公立,一般大學,0007,國立陽明交通大學,722,901460276,455021149,274034811,172404316,1248559.94
106,公立,一般大學,0008,國立中央大學,653,584494392,251614381,143298792,189581219,895090.95
106,公立,一般大學,0009,國立中山大學,509,509277945,279488959,150613662,79175324,1000546.06
106,公立,一般大學,0012,國立臺灣海洋大學,414,304131405,133452493,124124938,46553974,734616.92
106,公立,一般大學,0013,國立中正大學,542,41175376,31691100,7281276,2203000,75969.33
106,公立,一般大學,0014,國立高雄師範大學,290,42572097,8159005,5022920,29390172,146800.33
106,公立,一般大學,0015,國立彰化師範大學,373,33621913,7834000,23025613,2762300,90139.18
106,公立,一般大學,0016,國立陽明大學,398,86316956,31158000,48956526,6202430,216876.77
106,公立,一般大學,0017,國立臺北大學,380,15930741,3043000,6342195,6545546,41923
106,公立,一般大學,0018,國立嘉義大學,515,94015619,26689269,56357545,10968805,182554.60
106,公立,一般大學,0019,國立高雄大學,235,104380427,79301579,17622848,7456000,444172.03
106,公立,一般大學,0020,國立東華大學,492,114678534,63469810,39031733,12176991,233086.45
106,公立,一般大學,0021,國立暨南國際大學,268,124086749,116205442,3279768,4601539,463010.26
106,公立,技專校院,0022,國立臺灣科技大學,458,308418622,34033470,219960856,54424296,673403.10
106,公立,技專校院,0023,國立雲林科技大學,365,385972497,294767403,70223898,20981196,1057458.90
106,公立,技專校院,0024,國立屏東科技大學,398,260058886,101817914,139970568,18270404,653414.29
106,公立,技專校院,0025,國立臺北科技大學,470,560197137,362534515,149097142,48565480,1191908.80
106,公立,技專校院,0026,國立高雄第一科技大學,269,180238656,87375812,68259977,24602867,670032.18
106,公立,技專校院,0027,國立高雄應用科技大學,351,137155227,59654965,52831674,24668588,390755.63
106,公立,一般大學,0028,國立臺北藝術大學,160,50933487,30843357,14558000,5532130,318334.29
106,公立,一般大學,0029,國立臺灣藝術大學,162,46046657,41022194,2132500,2891963,284238.62
106,公立,一般大學,0030,國立臺東大學,192,106386646,98417621,5030032,2938993,554097.11
106,公立,一般大學,0031,國立宜蘭大學,233,74909440,33435213,37078855,4395372,321499.74
106,公立,一般大學,0032,國立聯合大學,288,77230249,49587544,25974555,1668150,268160.59
106,公立,技專校院,0033,國立虎尾科技大學,329,110774916,32289996,48609096,29875824,336701.87
106,公立,技專校院,0034,國立高雄海洋科技大學,230,111219310,20621444,85212866,5385000,483562.22
106,公立,一般大學,0035,國立臺南藝術大學,105,38526069,34195516,2832524,1498029,366914.94
106,公立,一般大學,0036,國立臺南大學,237,35524906,14579361,18672807,2272738,149894.12
106,公立,一般大學,0037,國立臺北教育大學,223,4140811,99500,1443272,2598039,18568.66
106,公立,一般大學,0039,國立臺中教育大學,199,40875124,37023939,3851185,0,205402.63
106,公立,技專校院,0042,國立澎湖科技大學,123,15924370,7600370,8324000,0,129466.42
106,公立,技專校院,0043,國立勤益科技大學,281,59661958,5400318,37362190,16899450,212320.14
106,公立,一般大學,0044,國立體育大學,101,14235342,1060335,8804423,4370584,140943.98
106,公立,技專校院,0046,國立臺北護理健康大學,174,16019033,6932400,6064554,3022079,92063.41
106,公立,技專校院,0047,國立高雄餐旅大學,149,12583365,0,10668965,1914400,84452.11
106,公立,一般大學,0048,國立金門大學,149,22190050,18826950,1131100,2232000,148926.51
106,公立,一般大學,0049,國立臺灣體育運動大學,108,14738693,219033,12459660,2060000,136469.38
106,公立,技專校院,0050,國立臺中科技大學,405,53120908,33833703,13555108,5732097,131162.74
106,公立,技專校院,0051,國立臺北商業大學,208,16624243,1900000,11515287,3208956,79924.25
106,公立,一般大學,0052,國立屏東大學,339,63369062,47060178,7335028,8973856,186929.39
106,公立,技專校院,0144,國立臺灣戲曲學院,34,11727181,1929380,4132000,5665801,344917.09
106,公立,技專校院,0221,國立臺南護理專科學校,85,2188000,0,1308000,880000,25741.18
106,公立,技專校院,0222,國立臺東專科學校,64,3152000,1611400,1372600,168000,49250
106,私立,一般大學,1001,東海大學,533,79372949,37912500,28111259,13349190,148917.35
106,私立,一般大學,1002,輔仁大學,698,59511931,19101000,10968941,29441990,85260.65
106,私立,一般大學,1003,東吳大學,435,48189668,23549900,14520149,10119619,110780.85
106,私立,一般大學,1004,中原大學,482,81309292,41420588,8406386,31482318,168691.48
106,私立,一般大學,1005,淡江大學學校財團法人淡江大學,759,111097386,86714321,18483615,5899450,146373.37
106,私立,一般大學,1006,中國文化大學,746,69554245,45612992,17195730,6745523,93236.25
106,私立,一般大學,1007,逢甲大學,649,643420133,536620634,69091590,37707909,991402.36
106,私立,一般大學,1008,靜宜大學,368,58688962,34341597,20381640,3965725,159480.88
106,私立,一般大學,1009,長庚大學,596,106907459,30980000,65822755,10104704,179374.93
106,私立,一般大學,1010,元智大學,309,101744910,31053149,28429945,42261816,329271.55
106,私立,一般大學,1011,中華大學學校財團法人中華大學,255,36459931,16952740,10627241,8879950,142980.12
106,私立,一般大學,1012,大葉大學,336,50328871,13614141,27253292,9461438,149788.31
106,私立,一般大學,1013,華梵大學,109,5309600,4078000,934260,297340,48711.93
106,私立,一般大學,1014,義守大學,488,153335529,39749483,52123990,61462056,314212.15
106,私立,一般大學,1015,世新大學,326,80472976,67453684,4530372,8488920,246849.62
106,私立,一般大學,1016,銘傳大學,591,25386195,16464550,5852645,3069000,42954.64
106,私立,一般大學,1017,實踐大學,399,38229619,26156620,9132999,2940000,95813.58
106,私立,技專校院,1018,朝陽科技大學,400,121201071,53048583,48557519,19594969,303002.68
106,私立,一般大學,1019,高雄醫學大學,557,365379580,102020370,256889595,6469615,655977.70
106,私立,一般大學,1020,南華大學,217,62034571,58973099,1866699,1194773,285873.60
106,私立,一般大學,1021,真理大學,280,10988477,10830477,158000,0,39244.56
106,私立,一般大學,1022,大同大學,165,55974403,15250938,37073465,3650000,339238.81
106,私立,技專校院,1023,南臺學校財團法人南臺科技大學,578,262936101,136257717,80426673,46251711,454906.75
106,私立,技專校院,1024,崑山科技大學,359,107579394,59816827,39017272,8745295,299664.05
106,私立,技專校院,1025,嘉藥學校財團法人嘉南藥理大學,478,84813559,43134257,41115302,564000,177434.22
106,私立,技專校院,1026,樹德科技大學,281,80764405,52761265,21533140,6470000,287417.81
106,私立,一般大學,1027,慈濟學校財團法人慈濟大學,251,253443953,13786949,3707018,235949986,1009736.86
106,私立,一般大學,1028,臺北醫學大學,620,452346589,93204000,329471999,29670590,729591.27
106,私立,一般大學,1029,中山醫學大學,399,176393729,5737000,42704725,127952004,442089.55
106,私立,技專校院,1030,龍華科技大學,242,65097055,17844700,28841135,18411220,268996.10
106,私立,技專校院,1031,輔英科技大學,331,13592888,0,10635162,2957726,41066.13
106,私立,技專校院,1032,明新學校財團法人明新科技大學,372,36749753,14963505,16531912,5254336,98789.66
106,私立,一般大學,1033,長榮大學,350,84581546,42057644,6353012,36170890,241661.56
106,私立,技專校院,1034,弘光科技大學,322,57586732,3253000,50292606,4041126,178840.78
106,私立,一般大學,1035,中國醫藥大學,484,690065530,138004000,536292223,15769307,1425755.23
106,私立,技專校院,1036,健行學校財團法人健行科技大學,299,29825558,8128347,16070063,5627148,99751.03
106,私立,技專校院,1037,正修學校財團法人正修科技大學,437,229474980,37113059,163079836,29282085,525114.37
106,私立,技專校院,1038,萬能學校財團法人萬能科技大學,248,21327705,7077000,11655705,2595000,85998.81
106,私立,一般大學,1039,玄奘大學,143,6888090,648000,4926090,1314000,48168.46
106,私立,技專校院,1040,建國科技大學,263,39528451,20240222,15798329,3489900,150298.29
106,私立,技專校院,1041,明志科技大學,196,97410461,39237511,56566277,1606673,496992.15
106,私立,技專校院,1042,高苑科技大學,264,28884180,18693956,7736324,2453900,109409.77
106,私立,技專校院,1043,大仁科技大學,250,57855009,38319080,15179229,4356700,231420.04
106,私立,技專校院,1044,聖約翰科技大學,187,10099081,1965200,7519574,614307,54005.78
106,私立,技專校院,1045,嶺東科技大學,264,52358143,39066000,11855143,1437000,198326.30
106,私立,技專校院,1046,中國科技大學,305,52540850,43369220,4845030,4326600,172265.08
106,私立,技專校院,1047,中臺科技大學,275,15941580,0,4271130,11670450,57969.38
106,私立,一般大學,1048,亞洲大學,400,194345426,156474966,18291715,19578745,485863.57
106,私立,一般大學,1049,開南大學,258,3960320,980320,2980000,0,15350.08
106,私立,一般大學,1050,佛光大學,176,12724485,5861264,3331770,3531451,72298.21
106,私立,技專校院,1051,台南家專學校財團法人台南應用科技大學,333,39885549,3547084,26802925,9535540,119776.42
106,私立,技專校院,1052,遠東科技大學,232,47130427,10582334,32365654,4182439,203148.39
106,私立,技專校院,1053,光宇學校財團法人元培醫事科技大學,220,19361993,8808857,6992720,3560416,88009.06
106,私立,技專校院,1054,景文科技大學,201,43828122,7286234,27896918,8644970,218050.36
106,私立,技專校院,1055,中華醫事科技大學,299,23498533,0,13601502,9897031,78590.41
106,私立,技專校院,1056,東南科技大學,210,17677387,0,13593444,4083943,84178.03
106,私立,技專校院,1057,德明財經科技大學,236,41743181,650000,34071019,7022162,176877.89
106,私立,一般大學,1058,明道學校財團法人明道大學,130,2619000,1001000,788000,830000,20146.15
106,私立,技專校院,1060,南開科技大學,195,25625642,943000,23510642,1172000,131413.55
106,私立,技專校院,1061,中華學校財團法人中華科技大學,231,11058143,3575000,7163143,320000,47870.75
106,私立,技專校院,1062,僑光科技大學,227,16091002,0,10987243,5103759,70885.47
106,私立,技專校院,1063,廣亞學校財團法人育達科技大學,129,18122850,9603114,2473600,6046136,140487.21
106,私立,技專校院,1064,美和學校財團法人美和科技大學,231,24679074,17807924,3674000,3197150,106835.82
106,私立,技專校院,1065,吳鳳科技大學,163,11696000,1906000,9290000,500000,71754.60
106,私立,技專校院,1066,環球學校財團法人環球科技大學,181,11058032,2964392,7612640,481000,61094.10
106,私立,一般大學,1067,台灣首府學校財團法人台灣首府大學,105,3703002,3001137,420000,281865,35266.69
106,私立,技專校院,1068,中州學校財團法人中州科技大學,123,8665137,4789000,1989840,1886297,70448.27
106,私立,技專校院,1069,修平學校財團法人修平科技大學,203,14835513,3268000,9283890,2283623,73081.34
106,私立,技專校院,1070,長庚學校財團法人長庚科技大學,348,51166598,0,6990385,44176213,147030.45
106,私立,技專校院,1071,城市學校財團法人臺北城市科技大學,248,12746913,560000,9692974,2493939,51398.84
106,私立,技專校院,1072,大華學校財團法人敏實科技大學,110,2276075,0,966075,1310000,20691.59
106,私立,技專校院,1073,醒吾學校財團法人醒吾科技大學,243,32733265,14403467,11964540,6365258,134704.79
106,私立,技專校院,1074,南榮學校財團法人南榮科技大學,103,6153500,0,5203000,950500,59742.72
106,私立,技專校院,1075,文藻學校財團法人文藻外語大學,270,38150336,14390982,4856269,18903085,141297.54
106,私立,技專校院,1076,華夏學校財團法人華夏科技大學,161,7276470,1511000,5683000,82470,45195.47
106,私立,技專校院,1077,慈濟學校財團法人慈濟科技大學,155,8408095,450500,1545640,6411955,54245.77
106,私立,技專校院,1078,致理學校財團法人致理科技大學,275,29230763,11295395,14741181,3194187,106293.68
106,私立,一般大學,1079,康寧學校財團法人康寧大學,162,4272198,99880,2390518,1781800,26371.59
106,私立,技專校院,1080,宏國學校財團法人宏國德霖科技大學,201,14044905,0,13835905,209000,69875.15
106,私立,技專校院,1081,東方學校財團法人東方設計大學,156,33100183,22029852,11070331,0,212180.66
106,私立,技專校院,1082,崇右學校財團法人崇右影藝科技大學,99,13846111,292000,13554111,0,139859.71
106,私立,技專校院,1083,台北海洋學校財團法人台北海洋科技大學,162,20037816,11978784,4749182,3309850,123690.22
106,私立,一般大學,1125,中信學校財團法人中信金融管理學院,38,240000,0,240000,0,6315.79
106,私立,技專校院,1148,大漢技術學院,57,3688000,1948000,1680000,60000,64701.75
106,私立,技專校院,1159,和春技術學院,108,5909000,0,5069000,840000,54712.96
106,私立,技專校院,1166,亞東技術學院,162,22519886,4056000,9910412,8553474,139011.64
106,私立,技專校院,1168,南亞科技學校財團法人南亞技術學院,142,43451497,34885988,8565509,0,305996.46
106,私立,一般大學,1176,稻江科技暨管理學院,60,13861650,12776650,745000,340000,231027.50
106,私立,技專校院,1182,蘭陽技術學院,84,2199275,331330,495000,1372945,26181.85
106,私立,技專校院,1183,黎明技術學院,154,10212475,6300000,3912475,0,66314.77
106,私立,技專校院,1185,經國管理暨健康學院,141,6028000,2841000,2055000,1132000,42751.77
106,私立,技專校院,1188,大同技術學院,66,4742860,224000,3828860,690000,71861.52
106,私立,技專校院,1189,亞太學校財團法人亞太創意技術學院,57,1259516,0,1259516,0,22096.77
106,私立,技專校院,1192,臺灣觀光學院,44,3937461,250000,3099693,587768,89487.75
106,私立,一般大學,1195,馬偕學校財團法人馬偕醫學院,103,8267236,1160000,4433000,2674236,80264.43
106,私立,一般大學,1196,法鼓學校財團法人法鼓文理學院,20,3138000,0,0,3138000,156900
106,私立,技專校院,1282,馬偕學校財團法人馬偕醫護管理專科學校,141,5360582,96950,4923632,340000,38018.31
106,私立,技專校院,1283,仁德醫護管理專科學校,203,200000,0,200000,0,985.22
106,私立,技專校院,1284,樹人醫護管理專科學校,210,807134,0,380000,427134,3843.50
106,私立,技專校院,1285,慈惠醫護管理專科學校,170,607140,0,260000,347140,3571.41
106,私立,技專校院,1286,耕莘健康管理專科學校,181,1078520,0,749600,328920,5958.67
106,私立,技專校院,1287,敏惠醫護管理專科學校,124,593230,0,439630,153600,4784.11
106,私立,技專校院,1289,育英醫護管理專科學校,71,364500,0,364500,0,5133.80
106,私立,技專校院,1290,崇仁醫護管理專科學校,130,4684589,3440004,99900,1144685,36035.30
106,私立,技專校院,1291,聖母醫護管理專科學校,111,4594500,1731790,2322961,539749,41391.89
106,私立,技專校院,1292,新生醫護管理專科學校,213,1056000,0,1010000,46000,4957.75
106,私立,宗教研修學院,1R04,財團法人一貫道天皇基金會一貫道天皇學院,9,750000,750000,0,0,83333.33
106,公立,一般大學,3002,臺北市立大學,331,23889994,15690463,6348000,1851531,72175.21
107,公立,一般大學,0001,國立政治大學,714,262848060,215041729,11661941,36144390,368134.54
107,公立,一般大學,0002,國立清華大學,823,673394738,304800951,266858910,101734877,818219.61
107,公立,一般大學,0003,國立臺灣大學,2043,2056605633,1502682148,357706892,196216593,1006659.63
107,公立,一般大學,0004,國立臺灣師範大學,839,1079408660,1001665703,29578899,48164058,1286541.91
107,公立,一般大學,0005,國立成功大學,1325,1683950023,1096226625,261595080,326128318,1270905.68
107,公立,一般大學,0006,國立中興大學,775,600069475,264058155,288550899,47460421,774283.19
107,公立,一般大學,0007,國立陽明交通大學,735,1105619601,549549880,347770790,208298931,1504244.36
107,公立,一般大學,0008,國立中央大學,645,771519470,423556023,128818481,219144966,1196154.22
107,公立,一般大學,0009,國立中山大學,522,483454171,199550682,159980083,123923406,926157.42
107,公立,一般大學,0012,國立臺灣海洋大學,416,330054529,165196271,130500854,34357404,793400.31
107,公立,一般大學,0013,國立中正大學,548,31219663,21463829,8051046,1704788,56970.19
107,公立,一般大學,0014,國立高雄師範大學,289,55371343,16330000,11301000,27740343,191596.34
107,公立,一般大學,0015,國立彰化師範大學,369,28446907,9128600,14284457,5033850,77091.89
107,公立,一般大學,0016,國立陽明大學,408,93665154,29742295,58302859,5620000,229571.46
107,公立,一般大學,0017,國立臺北大學,380,22875991,4755000,11064312,7056679,60199.98
107,公立,一般大學,0018,國立嘉義大學,517,74661634,21542882,37143104,15975648,144413.22
107,公立,一般大學,0019,國立高雄大學,237,92046874,67538775,18943099,5565000,388383.43
107,公立,一般大學,0020,國立東華大學,477,140683733,106328717,11685565,22669451,294934.45
107,公立,一般大學,0021,國立暨南國際大學,269,144217925,138181829,5072496,963600,536126.12
107,公立,技專校院,0022,國立臺灣科技大學,499,413944047,160731960,197921275,55290812,829547.19
107,公立,技專校院,0023,國立雲林科技大學,411,635044806,468370064,136817717,29857025,1545121.18
107,公立,技專校院,0024,國立屏東科技大學,411,231893287,109180752,111457105,11255430,564217.24
107,公立,技專校院,0025,國立臺北科技大學,469,419802743,241534135,128369792,49898816,895101.80
107,公立,一般大學,0028,國立臺北藝術大學,163,8244653,5204620,530000,2510033,50580.69
107,公立,一般大學,0029,國立臺灣藝術大學,167,56999813,46323750,5108420,5567643,341316.25
107,公立,一般大學,0030,國立臺東大學,194,30123290,20829766,4967910,4325614,155274.69
107,公立,一般大學,0031,國立宜蘭大學,232,85864486,39911707,39577479,6375300,370105.54
107,公立,一般大學,0032,國立聯合大學,284,207718495,166467824,24649995,16600676,731403.15
107,公立,技專校院,0033,國立虎尾科技大學,335,263667882,153016388,81867981,28783513,787068.30
107,公立,一般大學,0035,國立臺南藝術大學,108,64090865,54674505,3848800,5567560,593433.94
107,公立,一般大學,0036,國立臺南大學,235,41161223,24254586,11801133,5105504,175154.14
107,公立,一般大學,0037,國立臺北教育大學,235,4190964,1577000,1413964,1200000,17833.89
107,公立,一般大學,0039,國立臺中教育大學,203,38379305,22484312,4797885,11097108,189060.62
107,公立,技專校院,0042,國立澎湖科技大學,120,13535450,11156450,2235000,144000,112795.42
107,公立,技專校院,0043,國立勤益科技大學,288,58371088,9110743,36733145,12527200,202677.39
107,公立,一般大學,0044,國立體育大學,99,20878226,1070180,14551315,5256731,210891.17
107,公立,技專校院,0046,國立臺北護理健康大學,188,55116195,41988904,11154916,1972375,293171.25
107,公立,技專校院,0047,國立高雄餐旅大學,161,18693875,5765282,10959255,1969338,116111.02
107,公立,一般大學,0048,國立金門大學,145,23016453,20327756,1775000,913697,158734.16
107,公立,一般大學,0049,國立臺灣體育運動大學,114,26747076,14427964,6002687,6316425,234623.47
107,公立,技專校院,0050,國立臺中科技大學,419,62162371,29311391,26742027,6108953,148358.88
107,公立,技專校院,0051,國立臺北商業大學,213,20921723,5463453,9151182,6307088,98224.05
107,公立,一般大學,0052,國立屏東大學,342,69415286,50894424,8427274,10093588,202968.67
107,公立,技專校院,0053,國立高雄科技大學,871,701433156,332336762,293328121,75768273,805319.35
107,公立,技專校院,0144,國立臺灣戲曲學院,35,11444915,0,1936380,9508535,326997.57
107,公立,技專校院,0221,國立臺南護理專科學校,88,1731250,246250,585000,900000,19673.30
107,公立,技專校院,0222,國立臺東專科學校,66,1160500,232000,726500,202000,17583.33
107,私立,一般大學,1001,東海大學,544,115929625,53776325,44694519,17458781,213105.93
107,私立,一般大學,1002,輔仁大學,734,59687167,12344000,17067506,30275661,81317.67
107,私立,一般大學,1003,東吳大學,443,42383507,16892407,15455756,10035344,95673.83
107,私立,一般大學,1004,中原大學,497,178076597,62704527,85558373,29813697,358303.01
107,私立,一般大學,1005,淡江大學學校財團法人淡江大學,738,143791504,91184888,45981762,6624854,194839.44
107,私立,一般大學,1006,中國文化大學,727,63015149,39827840,15920893,7266416,86678.33
107,私立,一般大學,1007,逢甲大學,653,616205597,501025830,70268172,44911595,943653.29
107,私立,一般大學,1008,靜宜大學,374,63910303,46105176,9103100,8702027,170883.16
107,私立,一般大學,1009,長庚大學,586,134281324,48188000,78359324,7734000,229149.02
107,私立,一般大學,1010,元智大學,312,142558588,37900919,56863319,47794350,456918.55
107,私立,一般大學,1011,中華大學學校財團法人中華大學,234,48254228,33365585,7004743,7883900,206214.65
107,私立,一般大學,1012,大葉大學,315,56681962,17734710,29819469,9127783,179942.74
107,私立,一般大學,1013,華梵大學,95,5175602,3339500,1836102,0,54480.02
107,私立,一般大學,1014,義守大學,502,159983204,54998906,49674086,55310212,318691.64
107,私立,一般大學,1015,世新大學,336,51104756,37514064,6253452,7337240,152097.49
107,私立,一般大學,1016,銘傳大學,576,53679601,40114503,6584332,6980766,93193.75
107,私立,一般大學,1017,實踐大學,372,90030986,79273336,6655300,4102350,242018.78
107,私立,技專校院,1018,朝陽科技大學,402,146611271,58189914,64766184,23655173,364704.65
107,私立,一般大學,1019,高雄醫學大學,558,323360941,162892577,143974040,16494324,579499.89
107,私立,一般大學,1020,南華大學,203,49416821,45407961,3219411,789449,243432.62
107,私立,一般大學,1021,真理大學,267,1242800,1080000,162800,0,4654.68
107,私立,一般大學,1022,大同大學,158,62011386,24360508,34065968,3584910,392477.13
107,私立,技專校院,1023,南臺學校財團法人南臺科技大學,572,201385526,65407141,93252772,42725613,352072.60
107,私立,技專校院,1024,崑山科技大學,343,125297391,71504499,47206936,6585956,365298.52
107,私立,技專校院,1025,嘉藥學校財團法人嘉南藥理大學,465,138899691,67791728,57425415,13682548,298709.01
107,私立,技專校院,1026,樹德科技大學,281,81041574,56875685,16305904,7859985,288404.18
107,私立,一般大學,1027,慈濟學校財團法人慈濟大學,240,249021457,16249506,3196125,229575826,1037589.40
107,私立,一般大學,1028,臺北醫學大學,616,488625759,176547000,245890318,66188441,793223.63
107,私立,一般大學,1029,中山醫學大學,412,155604550,14085000,105983664,35535886,377680.95
107,私立,技專校院,1030,龍華科技大學,251,64322295,18974510,26991282,18356503,256264.12
107,私立,技專校院,1031,輔英科技大學,331,44743504,34492913,6624141,3626450,135176.75
107,私立,技專校院,1032,明新學校財團法人明新科技大學,369,67802194,44441300,14861794,8499100,183745.78
107,私立,一般大學,1033,長榮大學,334,78820182,50982392,15693794,12143996,235988.57
107,私立,技專校院,1034,弘光科技大學,354,49477162,3239000,42049576,4188586,139765.99
107,私立,一般大學,1035,中國醫藥大學,495,544421096,116580186,409500743,18340167,1099840.60
107,私立,技專校院,1036,健行學校財團法人健行科技大學,293,34541321,8305000,17214321,9022000,117888.47
107,私立,技專校院,1037,正修學校財團法人正修科技大學,431,232167157,49493908,158924706,23748543,538670.90
107,私立,技專校院,1038,萬能學校財團法人萬能科技大學,234,12789391,332000,10975891,1481500,54655.52
107,私立,一般大學,1039,玄奘大學,111,7149499,1013000,3405387,2731112,64409.90
107,私立,技專校院,1040,建國科技大學,250,33342287,16349384,14354303,2638600,133369.15
107,私立,技專校院,1041,明志科技大學,193,98516808,20965500,74383650,3167658,510449.78
107,私立,技專校院,1042,高苑科技大學,242,23380065,15280555,5469510,2630000,96611.84
107,私立,技專校院,1043,大仁科技大學,219,52694176,41775828,8376648,2541700,240612.68
107,私立,技專校院,1044,聖約翰科技大學,175,13705493,7114800,5879313,711380,78317.10
107,私立,技專校院,1045,嶺東科技大學,264,35045184,18738950,13243034,3063200,132746.91
107,私立,技專校院,1046,中國科技大學,290,55829579,25524128,26008451,4297000,192515.79
107,私立,技專校院,1047,中臺科技大學,266,10871723,0,2599200,8272523,40871.14
107,私立,一般大學,1048,亞洲大學,388,110419971,49427284,31491174,29501513,284587.55
107,私立,一般大學,1049,開南大學,226,17649314,11640790,4728000,1280524,78094.31
107,私立,一般大學,1050,佛光大學,173,19450348,7415000,1333000,10702348,112429.76
107,私立,技專校院,1051,台南家專學校財團法人台南應用科技大學,331,40667030,4867973,26574977,9224080,122861.12
107,私立,技專校院,1052,遠東科技大學,211,54604707,11274000,36365541,6965166,258790.08
107,私立,技專校院,1053,光宇學校財團法人元培醫事科技大學,201,22248474,7036334,12520940,2691200,110688.93
107,私立,技專校院,1054,景文科技大學,191,30634345,406390,26603970,3623985,160389.24
107,私立,技專校院,1055,中華醫事科技大學,288,17249862,0,8048501,9201361,59895.35
107,私立,技專校院,1056,東南科技大學,192,22185995,144000,20853320,1188675,115552.06
107,私立,技專校院,1057,德明財經科技大學,227,24004832,475929,19231251,4297652,105748.16
107,私立,一般大學,1058,明道學校財團法人明道大學,127,26490170,1819400,1553820,23116950,208584.02
107,私立,技專校院,1060,南開科技大學,181,6070382,0,5668107,402275,33538.02
107,私立,技專校院,1061,中華學校財團法人中華科技大學,211,15339612,7159112,7513500,667000,72699.58
107,私立,技專校院,1062,僑光科技大學,228,28909900,98000,23211341,5600559,126797.81
107,私立,技專校院,1063,廣亞學校財團法人育達科技大學,113,19708362,10209813,5296206,4202343,174410.28
107,私立,技專校院,1064,美和學校財團法人美和科技大學,229,28678185,17162373,5627620,5888192,125232.25
107,私立,技專校院,1065,吳鳳科技大學,154,12959208,3002000,8756995,1200213,84150.70
107,私立,技專校院,1066,環球學校財團法人環球科技大學,167,10344613,3994000,5956930,393683,61943.79
107,私立,一般大學,1067,台灣首府學校財團法人台灣首府大學,90,3331136,2899137,250000,181999,37012.62
107,私立,技專校院,1068,中州學校財團法人中州科技大學,112,12909965,7668765,3160400,2080800,115267.54
107,私立,技專校院,1069,修平學校財團法人修平科技大學,188,16328403,5383372,9343520,1601511,86853.21
107,私立,技專校院,1070,長庚學校財團法人長庚科技大學,338,77220063,0,29730247,47489816,228461.72
107,私立,技專校院,1071,城市學校財團法人臺北城市科技大學,245,12990269,268000,10756340,1965929,53021.51
107,私立,技專校院,1072,大華學校財團法人敏實科技大學,79,1152601,0,752600,400001,14589.89
107,私立,技專校院,1073,醒吾學校財團法人醒吾科技大學,223,40908018,18115500,19168018,3624500,183444.03
107,私立,技專校院,1075,文藻學校財團法人文藻外語大學,266,50286547,12296559,8394393,29595595,189047.17
107,私立,技專校院,1076,華夏學校財團法人華夏科技大學,149,11770909,6712000,3044929,2013980,78999.39
107,私立,技專校院,1077,慈濟學校財團法人慈濟科技大學,159,8870561,0,868295,8002266,55789.69
107,私立,技專校院,1078,致理學校財團法人致理科技大學,277,38509847,6906881,27072119,4530847,139024.72
107,私立,一般大學,1079,康寧學校財團法人康寧大學,122,4191080,1100000,1548580,1542500,34353.11
107,私立,技專校院,1080,宏國學校財團法人宏國德霖科技大學,190,15094705,730000,14044705,320000,79445.82
107,私立,技專校院,1081,東方學校財團法人東方設計大學,123,12108639,2300000,9428639,380000,98444.22
107,私立,技專校院,1082,崇右學校財團法人崇右影藝科技大學,98,10489050,3458000,6671050,360000,107031.12
107,私立,技專校院,1083,台北海洋學校財團法人台北海洋科技大學,144,5788533,55000,3542333,2191200,40198.15
107,私立,一般大學,1125,中信學校財團法人中信金融管理學院,48,1359410,62450,1296960,0,28321.04
107,私立,技專校院,1148,大漢技術學院,57,2635000,1174000,1361000,100000,46228.07
107,私立,技專校院,1159,和春技術學院,82,5406350,1420000,3986350,0,65931.10
107,私立,技專校院,1166,亞東技術學院,157,18105321,1721000,9473121,6911200,115320.52
107,私立,技專校院,1168,南亞科技學校財團法人南亞技術學院,114,19757474,10516374,9241100,0,173311.18
107,私立,一般大學,1176,稻江科技暨管理學院,57,8349575,5751575,2438000,160000,146483.77
107,私立,技專校院,1182,蘭陽技術學院,78,1202000,0,1202000,0,15410.26
107,私立,技專校院,1183,黎明技術學院,159,9167666,0,8597666,570000,57658.28
107,私立,技專校院,1185,經國管理暨健康學院,141,9183828,6501094,2245234,437500,65133.53
107,私立,技專校院,1188,大同技術學院,64,13204326,8728300,3903000,573026,206317.59
107,私立,一般大學,1195,馬偕學校財團法人馬偕醫學院,125,11045009,2350000,3305009,5390000,88360.07
107,私立,一般大學,1196,法鼓學校財團法人法鼓文理學院,23,1977246,0,0,1977246,85967.22
107,私立,技專校院,1282,馬偕學校財團法人馬偕醫護管理專科學校,139,6365859,0,2422106,3943753,45797.55
107,私立,技專校院,1283,仁德醫護管理專科學校,204,1670000,0,1020000,650000,8186.27
107,私立,技專校院,1284,樹人醫護管理專科學校,224,2857160,2662000,20000,175160,12755.18
107,私立,技專校院,1285,慈惠醫護管理專科學校,154,1112000,700000,310000,102000,7220.78
107,私立,技專校院,1286,耕莘健康管理專科學校,172,2220578,700000,1018194,502384,12910.34
107,私立,技專校院,1287,敏惠醫護管理專科學校,124,786188,0,786188,0,6340.23
107,私立,技專校院,1289,育英醫護管理專科學校,70,774393,0,312793,461600,11062.76
107,私立,技專校院,1291,聖母醫護管理專科學校,94,8248859,5599080,1310568,1339211,87753.82
107,私立,技專校院,1292,新生醫護管理專科學校,209,811000,0,811000,0,3880.38
107,私立,技專校院,1293,崇仁醫護管理專科學校,129,11270980,6999210,780400,3491370,87371.94
107,私立,宗教研修學院,1R04,財團法人一貫道天皇基金會一貫道天皇學院,9,890000,890000,0,0,98888.89
107,公立,一般大學,3002,臺北市立大學,334,232688704,224687372,6792500,1208832,696672.77
108,公立,一般大學,0001,國立政治大學,743,223218331,184427235,12059188,26731908,300428.44
108,公立,一般大學,0002,國立清華大學,830,704017732,323540000,307124825,73352907,848214.13
108,公立,一般大學,0003,國立臺灣大學,2021,2171703428,1598881357,360371924,212450147,1074568.74
108,公立,一般大學,0004,國立臺灣師範大學,813,1360015065,1195439118,130693729,33882218,1672835.26
108,公立,一般大學,0005,國立成功大學,1340,1775866661,1127547081,342976605,305342975,1325273.63
108,公立,一般大學,0006,國立中興大學,781,492497949,109277400,309339500,73881049,630599.17
108,公立,一般大學,0007,國立陽明交通大學,746,912412468,444065556,255470511,212876401,1223073.01
108,公立,一般大學,0008,國立中央大學,662,955708985,405291716,320473562,229943707,1443669.16
108,公立,一般大學,0009,國立中山大學,537,645985302,331806872,193310782,120867648,1202952.15
108,公立,一般大學,0012,國立臺灣海洋大學,430,449618106,195857692,179674382,74086032,1045623.50
108,公立,一般大學,0013,國立中正大學,532,56417587,40639994,11563123,4214470,106048.10
108,公立,一般大學,0014,國立高雄師範大學,290,63985886,43373000,8901000,11711886,220640.99
108,公立,一般大學,0015,國立彰化師範大學,363,32968958,16130843,7538132,9299983,90823.58
108,公立,一般大學,0016,國立陽明大學,406,121828861,50546370,63949967,7332524,300071.09
108,公立,一般大學,0017,國立臺北大學,381,18130681,4270000,4388776,9471905,47587.09
108,公立,一般大學,0018,國立嘉義大學,520,79051551,22975227,35989633,20086691,152022.21
108,公立,一般大學,0019,國立高雄大學,238,82473607,58994686,19003005,4475916,346527.76
108,公立,一般大學,0020,國立東華大學,460,144836823,109669117,10116500,25051206,314862.66
108,公立,一般大學,0021,國立暨南國際大學,275,126506049,117035564,6519485,2951000,460022
108,公立,技專校院,0022,國立臺灣科技大學,532,388716938,108892305,212945318,66879315,730670.94
108,公立,技專校院,0023,國立雲林科技大學,420,462743975,331961048,98167555,32615372,1101771.37
108,公立,技專校院,0024,國立屏東科技大學,404,267416434,106422033,114544530,46449871,661921.87
108,公立,技專校院,0025,國立臺北科技大學,471,465644923,234102832,190848980,40693111,988630.41
108,公立,一般大學,0028,國立臺北藝術大學,162,5209918,2895018,0,2314900,32159.99
108,公立,一般大學,0029,國立臺灣藝術大學,156,78721980,74545655,1454300,2722025,504628.08
108,公立,一般大學,0030,國立臺東大學,197,26471525,20985750,3166975,2318800,134373.22
108,公立,一般大學,0031,國立宜蘭大學,231,93067481,55894561,32448421,4724499,402889.53
108,公立,一般大學,0032,國立聯合大學,285,54932885,34714114,19595821,622950,192746.96
108,公立,技專校院,0033,國立虎尾科技大學,342,255524261,113677800,71370219,70476242,747146.96
108,公立,一般大學,0035,國立臺南藝術大學,109,79446481,76934383,1507718,1004380,728866.80
108,公立,一般大學,0036,國立臺南大學,232,61044690,30781100,8399260,21864330,263123.66
108,公立,一般大學,0037,國立臺北教育大學,237,4774307,1916000,1952000,906307,20144.76
108,公立,一般大學,0039,國立臺中教育大學,202,60618621,18459764,17612113,24546744,300092.18
108,公立,技專校院,0042,國立澎湖科技大學,121,57159050,47301450,7328600,2529000,472388.84
108,公立,技專校院,0043,國立勤益科技大學,307,115822050,32177381,61221029,22423640,377270.52
108,公立,一般大學,0044,國立體育大學,101,21553622,0,17700506,3853116,213402.20
108,公立,技專校院,0046,國立臺北護理健康大學,195,35713017,28200286,6222331,1290400,183143.68
108,公立,技專校院,0047,國立高雄餐旅大學,162,34671129,21802223,8550646,4318260,214019.31
108,公立,一般大學,0048,國立金門大學,149,39515492,37127682,2144810,243000,265204.64
108,公立,一般大學,0049,國立臺灣體育運動大學,114,24071320,14132616,8389367,1549337,211151.93
108,公立,技專校院,0050,國立臺中科技大學,427,89545117,57211777,22913718,9419622,209707.53
108,公立,技專校院,0051,國立臺北商業大學,215,17127636,4525559,8526237,4075840,79663.42
108,公立,一般大學,0052,國立屏東大學,347,83263511,62652363,12047549,8563599,239952.48
108,公立,技專校院,0053,國立高雄科技大學,871,480906131,122044590,297594724,61266817,552131.03
108,公立,技專校院,0144,國立臺灣戲曲學院,32,12427118,2454200,3257000,6715918,388347.44
108,公立,技專校院,0221,國立臺南護理專科學校,90,4739873,0,4539873,200000,52665.26
108,公立,技專校院,0222,國立臺東專科學校,67,5593336,3589000,1694336,310000,83482.63
108,私立,一般大學,1001,東海大學,557,113376200,57584316,40727500,15064384,203547.94
108,私立,一般大學,1002,輔仁大學,727,62010209,7154147,23199022,31657040,85296.02
108,私立,一般大學,1003,東吳大學,442,36312678,20714602,11161551,4436525,82155.38
108,私立,一般大學,1004,中原大學,495,135596229,37823499,74331535,23441195,273931.78
108,私立,一般大學,1005,淡江大學學校財團法人淡江大學,719,106814182,80109240,22215103,4489839,148559.36
108,私立,一般大學,1006,中國文化大學,724,76578405,43946110,13678249,18954046,105771.28
108,私立,一般大學,1007,逢甲大學,633,651213974,566170496,60814802,24228676,1028774.05
108,私立,一般大學,1008,靜宜大學,387,73056312,50789274,17668583,4598455,188776
108,私立,一般大學,1009,長庚大學,581,456553941,54594000,69200279,332759662,785807.13
108,私立,一般大學,1010,元智大學,301,108811407,23443320,39583299,45784788,361499.69
108,私立,一般大學,1011,中華大學學校財團法人中華大學,222,72183177,39876643,22867872,9438662,325149.45
108,私立,一般大學,1012,大葉大學,298,43437771,12525161,23451515,7461095,145764.33
108,私立,一般大學,1013,華梵大學,82,765588,495588,200000,70000,9336.44
108,私立,一般大學,1014,義守大學,535,145814205,33203872,56788526,55821807,272549.92
108,私立,一般大學,1015,世新大學,333,110176501,75014473,12603301,22558727,330860.36
108,私立,一般大學,1016,銘傳大學,571,41027883,31026827,7156906,2844150,71852.68
108,私立,一般大學,1017,實踐大學,355,46938674,32526032,10109817,4302825,132221.62
108,私立,技專校院,1018,朝陽科技大學,395,130162320,51674150,58514924,19973246,329524.86
108,私立,一般大學,1019,高雄醫學大學,558,371705696,157485616,206518080,7702000,666139.24
108,私立,一般大學,1020,南華大學,206,65020345,62150685,2016010,853650,315632.74
108,私立,一般大學,1021,真理大學,255,4359212,3162000,1197212,0,17094.95
108,私立,一般大學,1022,大同大學,150,51580198,22740686,26750229,2089283,343867.99
108,私立,技專校院,1023,南臺學校財團法人南臺科技大學,556,181605604,67741986,79568344,34295274,326628.78
108,私立,技專校院,1024,崑山科技大學,334,134561202,86037505,36066743,12456954,402877.85
108,私立,技專校院,1025,嘉藥學校財團法人嘉南藥理大學,436,162632325,85849900,57542516,19239909,373009.92
108,私立,技專校院,1026,樹德科技大學,272,83362656,58339547,15496547,9526562,306480.35
108,私立,一般大學,1027,慈濟學校財團法人慈濟大學,235,301560299,23484452,4774206,273301641,1283235.31
108,私立,一般大學,1028,臺北醫學大學,651,424785290,127656351,246872794,50256145,652511.97
108,私立,一般大學,1029,中山醫學大學,405,192863179,13667000,139787197,39408982,476205.38
108,私立,技專校院,1030,龍華科技大學,249,68155283,13185189,43847040,11123054,273716
108,私立,技專校院,1031,輔英科技大學,302,52454998,32310873,15460484,4683641,173692.05
108,私立,技專校院,1032,明新學校財團法人明新科技大學,349,40314228,17289830,18476312,4548086,115513.55
108,私立,一般大學,1033,長榮大學,322,82931001,59390173,18501989,5038839,257549.69
108,私立,技專校院,1034,弘光科技大學,339,52427445,1464000,49294446,1668999,154653.23
108,私立,一般大學,1035,中國醫藥大學,509,438935455,40794000,356317039,41824416,862348.63
108,私立,技專校院,1036,健行學校財團法人健行科技大學,276,39018462,13669313,19335597,6013552,141371.24
108,私立,技專校院,1037,正修學校財團法人正修科技大學,435,295423957,71515638,184154499,39753820,679135.53
108,私立,技專校院,1038,萬能學校財團法人萬能科技大學,251,21687573,1073000,18236333,2378240,86404.67
108,私立,一般大學,1039,玄奘大學,107,2053440,355200,723000,975240,19191.03
108,私立,技專校院,1040,建國科技大學,238,23629476,8589500,12183000,2856976,99283.51
108,私立,技專校院,1041,明志科技大學,193,110178858,18522570,88397141,3259147,570874.91
108,私立,技專校院,1042,高苑科技大學,198,22387126,11414740,6039086,4933300,113066.29
108,私立,技專校院,1043,大仁科技大學,205,35565197,24050707,9455690,2058800,173488.77
108,私立,技專校院,1044,聖約翰科技大學,167,4986433,1479800,3036800,469833,29858.88
108,私立,技專校院,1045,嶺東科技大學,275,33102520,12644381,18745593,1712546,120372.80
108,私立,技專校院,1046,中國科技大學,265,54309616,39545200,11497327,3267089,204941.95
108,私立,技專校院,1047,中臺科技大學,263,9724992,635000,4905620,4184372,36977.16
108,私立,一般大學,1048,亞洲大學,403,194040765,159082854,19302646,15655265,481490.73
108,私立,一般大學,1049,開南大學,213,6611126,5482676,98450,1030000,31038.15
108,私立,一般大學,1050,佛光大學,166,19507292,11471250,2504600,5531442,117513.81
108,私立,技專校院,1051,台南家專學校財團法人台南應用科技大學,329,34908904,3616025,20709379,10583500,106106.09
108,私立,技專校院,1052,遠東科技大學,200,56593168,20652985,27756063,8184120,282965.84
108,私立,技專校院,1053,光宇學校財團法人元培醫事科技大學,197,76549612,55668875,19270376,1610361,388576.71
108,私立,技專校院,1054,景文科技大學,186,30296922,3433250,24641672,2222000,162886.68
108,私立,技專校院,1055,中華醫事科技大學,286,11885180,0,6783704,5101476,41556.57
108,私立,技專校院,1056,東南科技大學,181,12873710,0,11653710,1220000,71125.47
108,私立,技專校院,1057,德明財經科技大學,229,38616067,3086000,30933341,4596726,168629.11
108,私立,一般大學,1058,明道學校財團法人明道大學,119,14964940,5195000,2044000,7725940,125755.80
108,私立,技專校院,1060,南開科技大學,152,8106363,0,5789323,2317040,53331.34
108,私立,技專校院,1061,中華學校財團法人中華科技大學,170,17421300,12262300,4759000,400000,102478.24
108,私立,技專校院,1062,僑光科技大學,231,38439947,2459678,27135369,8844900,166406.70
108,私立,技專校院,1063,廣亞學校財團法人育達科技大學,104,22155685,14617730,5702999,1834956,213035.43
108,私立,技專校院,1064,美和學校財團法人美和科技大學,223,47828408,33869873,10075635,3882900,214477.17
108,私立,技專校院,1065,吳鳳科技大學,147,8693790,1382000,6760513,551277,59141.43
108,私立,技專校院,1066,環球學校財團法人環球科技大學,152,11134620,5290000,3838801,2005819,73254.08
108,私立,一般大學,1067,台灣首府學校財團法人台灣首府大學,74,2231110,1815000,150000,266110,30150.14
108,私立,技專校院,1068,中州學校財團法人中州科技大學,99,14236365,9986119,2150246,2100000,143801.67
108,私立,技專校院,1069,修平學校財團法人修平科技大學,183,15301340,1870000,12209500,1221840,83613.88
108,私立,技專校院,1070,長庚學校財團法人長庚科技大學,277,91168666,13262324,26284405,51621937,329128.76
108,私立,技專校院,1071,城市學校財團法人臺北城市科技大學,252,12341887,72000,9648207,2621680,48975.74
108,私立,技專校院,1072,大華學校財團法人敏實科技大學,47,665000,0,230000,435000,14148.94
108,私立,技專校院,1073,醒吾學校財團法人醒吾科技大學,231,40964329,19448647,17323317,4192365,177334.76
108,私立,技專校院,1075,文藻學校財團法人文藻外語大學,266,21783125,10132637,4810325,6840163,81891.45
108,私立,技專校院,1076,華夏學校財團法人華夏科技大學,142,6873000,2000000,4513000,360000,48401.41
108,私立,技專校院,1077,慈濟學校財團法人慈濟科技大學,161,11672563,1173900,2757000,7741663,72500.39
108,私立,技專校院,1078,致理學校財團法人致理科技大學,278,40644424,13318141,21163694,6162589,146202.96
108,私立,一般大學,1079,康寧學校財團法人康寧大學,124,3101000,540000,818500,1742500,25008.06
108,私立,技專校院,1080,宏國學校財團法人宏國德霖科技大學,186,16984590,0,14456190,2528400,91315
108,私立,技專校院,1081,東方學校財團法人東方設計大學,118,4220896,600000,2852012,768884,35770.31
108,私立,技專校院,1082,崇右學校財團法人崇右影藝科技大學,85,7716700,979000,6377800,359900,90784.71
108,私立,技專校院,1083,台北海洋學校財團法人台北海洋科技大學,138,10679612,5479000,2636800,2563812,77388.49
108,私立,一般大學,1125,中信學校財團法人中信金融管理學院,51,7980112,1573000,6094953,312159,156472.78
108,私立,技專校院,1148,大漢技術學院,44,2817575,690000,2127575,0,64035.80
108,私立,技專校院,1159,和春技術學院,49,3195000,840000,2355000,0,65204.08
108,私立,技專校院,1166,亞東技術學院,154,17439508,690000,10609508,6140000,113243.56
108,私立,技專校院,1168,南亞科技學校財團法人南亞技術學院,101,18550346,13673308,4877038,0,183666.79
108,私立,一般大學,1176,稻江科技暨管理學院,46,17281725,15789225,1212500,280000,375689.67
108,私立,技專校院,1182,蘭陽技術學院,51,1500000,0,502000,998000,29411.76
108,私立,技專校院,1183,黎明技術學院,158,10375061,0,9842261,532800,65664.94
108,私立,技專校院,1185,經國管理暨健康學院,145,11637516,8228982,2760234,648300,80258.73
108,私立,技專校院,1188,大同技術學院,60,2619650,330000,1899650,390000,43660.83
108,私立,一般大學,1195,馬偕學校財團法人馬偕醫學院,127,9754823,2150000,2654823,4950000,76809.63
108,私立,技專校院,1282,馬偕學校財團法人馬偕醫護管理專科學校,143,10932987,0,2305032,8627955,76454.45
108,私立,技專校院,1283,仁德醫護管理專科學校,209,4084535,800000,1779935,1504600,19543.23
108,私立,技專校院,1284,樹人醫護管理專科學校,221,208000,0,200000,8000,941.18
108,私立,技專校院,1285,慈惠醫護管理專科學校,152,360000,0,160000,200000,2368.42
108,私立,技專校院,1286,耕莘健康管理專科學校,169,1106781,144000,773781,189000,6549
108,私立,技專校院,1287,敏惠醫護管理專科學校,120,379500,0,379500,0,3162.50
108,私立,技專校院,1289,育英醫護管理專科學校,69,320000,0,230000,90000,4637.68
108,私立,技專校院,1291,聖母醫護管理專科學校,93,8986603,7392099,530344,1064160,96630.14
108,私立,技專校院,1292,新生醫護管理專科學校,218,1022050,330000,692050,0,4688.30
108,私立,技專校院,1293,崇仁醫護管理專科學校,126,6284987,2873197,3261790,150000,49880.85
108,私立,宗教研修學院,1R04,財團法人一貫道天皇基金會一貫道天皇學院,11,2907000,1500000,0,1407000,264272.73
108,公立,一般大學,3002,臺北市立大學,334,302604624,283512013,17631158,1461453,906001.87
109,公立,一般大學,0001,國立政治大學,731,291192158,227630141,35249543,28312474,398347.69
109,公立,一般大學,0002,國立清華大學,839,703183920,287023432,306022640,110137848,838121.48
109,公立,一般大學,0003,國立臺灣大學,2053,2247660534,1502873779,392154473,352632282,1094817.60
109,公立,一般大學,0004,國立臺灣師範大學,823,1124383405,1010850070,32631519,80901816,1366200.98
109,公立,一般大學,0005,國立成功大學,1336,2492674299,1342946464,787752475,361975360,1865774.18
109,公立,一般大學,0006,國立中興大學,775,513547393,168254579,167143961,178148853,662641.80
109,公立,一般大學,0007,國立陽明交通大學,755,1118740109,465675259,476936768,176128082,1481774.98
109,公立,一般大學,0008,國立中央大學,669,872081388,493602117,172730492,205748779,1303559.62
109,公立,一般大學,0009,國立中山大學,558,516329307,255321753,140925358,120082196,925321.34
109,公立,一般大學,0012,國立臺灣海洋大學,440,647412332,173922830,392429454,81060048,1471391.66
109,公立,一般大學,0013,國立中正大學,533,55866815,37906142,12560713,5399960,104815.79
109,公立,一般大學,0014,國立高雄師範大學,286,42440280,18790456,6838936,16810888,148392.59
109,公立,一般大學,0015,國立彰化師範大學,368,49935784,22232244,19028190,8675350,135695.07
109,公立,一般大學,0016,國立陽明大學,405,167015712,85616713,64460099,16938900,412384.47
109,公立,一般大學,0017,國立臺北大學,384,21780309,3250000,8034221,10496088,56719.55
109,公立,一般大學,0018,國立嘉義大學,513,57109728,3030000,29420439,24659289,111325.01
109,公立,一般大學,0019,國立高雄大學,238,82700310,57063461,20806958,4829891,347480.29
109,公立,一般大學,0020,國立東華大學,457,150574113,116456637,10318830,23798646,329483.84
109,公立,一般大學,0021,國立暨南國際大學,273,302299525,290778405,7179720,4341400,1107324.27
109,公立,技專校院,0022,國立臺灣科技大學,560,429245283,153042674,235029074,41173535,766509.43
109,公立,技專校院,0023,國立雲林科技大學,425,694278465,525689911,134137086,34451468,1633596.39
109,公立,技專校院,0024,國立屏東科技大學,433,278615297,90440610,151104105,37070582,643453.34
109,公立,技專校院,0025,國立臺北科技大學,459,475538875,210943404,196446219,68149252,1036032.41
109,公立,一般大學,0028,國立臺北藝術大學,165,7603522,3700522,1260000,2643000,46081.95
109,公立,一般大學,0029,國立臺灣藝術大學,155,106929443,101280051,2187292,3462100,689867.37
109,公立,一般大學,0030,國立臺東大學,202,37305713,28000455,7446993,1858265,184681.75
109,公立,一般大學,0031,國立宜蘭大學,235,101477145,53485765,35304175,12687205,431817.64
109,公立,一般大學,0032,國立聯合大學,284,233849934,214728473,16957890,2163571,823415.26
109,公立,技專校院,0033,國立虎尾科技大學,347,159924755,55561358,71606370,32757027,460878.26
109,公立,一般大學,0035,國立臺南藝術大學,109,21317400,17156025,2645600,1515775,195572.48
109,公立,一般大學,0036,國立臺南大學,230,51585873,20994998,25563440,5027435,224286.40
109,公立,一般大學,0037,國立臺北教育大學,238,89033116,85740709,2392407,900000,374088.72
109,公立,一般大學,0039,國立臺中教育大學,203,61398715,38242104,11375882,11780729,302456.72
109,公立,技專校院,0042,國立澎湖科技大學,127,46615684,39531834,5156000,1927850,367052.63
109,公立,技專校院,0043,國立勤益科技大學,315,120472964,24867830,75294039,20311095,382453.85
109,公立,一般大學,0044,國立體育大學,102,22528779,4773000,15750979,2004800,220870.38
109,公立,技專校院,0046,國立臺北護理健康大學,207,44418429,34419735,8919016,1079678,214581.78
109,公立,技專校院,0047,國立高雄餐旅大學,164,28874137,17407496,8191988,3274653,176061.81
109,公立,一般大學,0048,國立金門大學,147,27483062,24280062,2960000,243000,186959.61
109,公立,一般大學,0049,國立臺灣體育運動大學,124,43868242,13147564,27222678,3498000,353776.15
109,公立,技專校院,0050,國立臺中科技大學,423,94765625,67515815,19971310,7278500,224032.21
109,公立,技專校院,0051,國立臺北商業大學,221,23930232,5087416,10419550,8423266,108281.59
109,公立,一般大學,0052,國立屏東大學,350,108529584,86740678,9223467,12565439,310084.53
109,公立,技專校院,0053,國立高雄科技大學,864,837227692,413930092,352501623,70795977,969013.53
109,公立,技專校院,0144,國立臺灣戲曲學院,32,10269900,8603600,599000,1067300,320934.38
109,公立,技專校院,0221,國立臺南護理專科學校,92,7125000,6335000,540000,250000,77445.65
109,公立,技專校院,0222,國立臺東專科學校,67,4100000,2850000,300000,950000,61194.03
109,私立,一般大學,1001,東海大學,561,158796068,78766290,62101578,17928200,283058.94
109,私立,一般大學,1002,輔仁大學,728,44241625,6678800,17992240,19570585,60771.46
109,私立,一般大學,1003,東吳大學,431,39111009,19589210,16208274,3313525,90744.80
109,私立,一般大學,1004,中原大學,496,156379370,49914623,82006796,24457951,315280.99
109,私立,一般大學,1005,淡江大學學校財團法人淡江大學,722,115565105,86268296,24664374,4632435,160062.47
109,私立,一般大學,1006,中國文化大學,704,96280437,58546805,18183100,19550532,136761.98
109,私立,一般大學,1007,逢甲大學,664,562349829,470153367,69817054,22379408,846912.39
109,私立,一般大學,1008,靜宜大學,383,76049594,43176491,30190051,2683052,198562.91
109,私立,一般大學,1009,長庚大學,571,463173361,45386522,109412910,308373929,811161.75
109,私立,一般大學,1010,元智大學,301,108327837,25339000,29059457,53929380,359893.15
109,私立,一般大學,1011,中華大學學校財團法人中華大學,216,50547718,33027500,11579467,5940751,234017.21
109,私立,一般大學,1012,大葉大學,292,44439497,24109240,16318584,4011673,152190.06
109,私立,一般大學,1013,華梵大學,76,4615544,2751000,1864544,0,60730.84
109,私立,一般大學,1014,義守大學,540,154248576,42020419,38671337,73556820,285645.51
109,私立,一般大學,1015,世新大學,346,88489177,57686653,22734724,8067800,255749.07
109,私立,一般大學,1016,銘傳大學,568,34766886,27646003,6073483,1047400,61209.31
109,私立,一般大學,1017,實踐大學,339,50732587,34994988,12263999,3473600,149653.65
109,私立,技專校院,1018,朝陽科技大學,394,144483056,51605335,78278501,14599220,366708.26
109,私立,一般大學,1019,高雄醫學大學,544,426154299,176559863,224267791,25326645,783371.87
109,私立,一般大學,1020,南華大學,192,69830421,64838432,1427989,3564000,363700.11
109,私立,一般大學,1021,真理大學,233,1480000,1480000,0,0,6351.93
109,私立,一般大學,1022,大同大學,143,26164477,11046160,14622226,496091,182968.37
109,私立,技專校院,1023,南臺學校財團法人南臺科技大學,559,140310600,38706400,68164845,33439355,251002.86
109,私立,技專校院,1024,崑山科技大學,313,165013902,121571326,35459957,7982619,527200.96
109,私立,技專校院,1025,嘉藥學校財團法人嘉南藥理大學,391,80207354,33941491,37199658,9066205,205133.90
109,私立,技專校院,1026,樹德科技大學,267,76703330,56728443,16085385,3889502,287278.39
109,私立,一般大學,1027,慈濟學校財團法人慈濟大學,238,342496897,39136100,1012864,302347933,1439062.59
109,私立,一般大學,1028,臺北醫學大學,669,473322000,111854082,280440334,81027584,707506.73
109,私立,一般大學,1029,中山醫學大學,404,202544859,10385500,150522465,41636894,501348.66
109,私立,技專校院,1030,龍華科技大學,265,65589029,10996000,46105145,8487884,247505.77
109,私立,技專校院,1031,輔英科技大學,323,93683686,54042250,35104715,4536721,290042.37
109,私立,技專校院,1032,明新學校財團法人明新科技大學,323,48516329,16575135,25160169,6781025,150205.35
109,私立,一般大學,1033,長榮大學,323,107453931,73989581,25071703,8392647,332674.71
109,私立,技專校院,1034,弘光科技大學,343,132883772,84400874,43381367,5101531,387416.24
109,私立,一般大學,1035,中國醫藥大學,521,724259829,33460460,668209335,22590034,1390134.03
109,私立,技專校院,1036,健行學校財團法人健行科技大學,285,30637239,8275940,16304225,6057074,107499.08
109,私立,技專校院,1037,正修學校財團法人正修科技大學,425,387985749,120750873,213028804,54206072,912907.64
109,私立,技專校院,1038,萬能學校財團法人萬能科技大學,251,23228250,1189000,20479250,1560000,92542.83
109,私立,一般大學,1039,玄奘大學,112,1486352,44452,620000,821900,13271
109,私立,技專校院,1040,建國科技大學,223,26713621,13178110,11250511,2285000,119792.02
109,私立,技專校院,1041,明志科技大學,199,127892313,14789607,110917706,2185000,642674.94
109,私立,技專校院,1042,高苑科技大學,187,27066193,13726593,9617600,3722000,144739
109,私立,技專校院,1043,大仁科技大學,180,8026040,5649000,1860000,517040,44589.11
109,私立,技專校院,1044,聖約翰科技大學,133,3899372,1170000,1878160,851212,29318.59
109,私立,技專校院,1045,嶺東科技大學,274,35744581,4871951,27300795,3571835,130454.68
109,私立,技專校院,1046,中國科技大學,248,48423973,29057560,16946413,2420000,195257.96
109,私立,技專校院,1047,中臺科技大學,242,17904564,2640000,7406265,7858299,73985.80
109,私立,一般大學,1048,亞洲大學,394,207285064,169339931,20439184,17505949,526104.22
109,私立,一般大學,1049,開南大學,204,13957134,12091451,0,1865683,68417.32
109,私立,一般大學,1050,佛光大學,165,14622723,5245000,2690323,6687400,88622.56
109,私立,技專校院,1051,台南家專學校財團法人台南應用科技大學,328,31774237,4713708,21470529,5590000,96872.67
109,私立,技專校院,1052,遠東科技大學,183,40641961,15594535,20923011,4124415,222087.22
109,私立,技專校院,1053,光宇學校財團法人元培醫事科技大學,184,28822789,13056015,13433944,2332830,156645.59
109,私立,技專校院,1054,景文科技大學,172,33621906,8826854,22305052,2490000,195476.20
109,私立,技專校院,1055,中華醫事科技大學,279,15044830,0,8980601,6064229,53924.12
109,私立,技專校院,1056,東南科技大學,170,10749750,0,10534750,215000,63233.82
109,私立,技專校院,1057,德明財經科技大學,224,21337508,1728000,16935789,2673719,95256.73
109,私立,一般大學,1058,明道學校財團法人明道大學,116,4429499,162000,110000,4157499,38185.34
109,私立,技專校院,1060,南開科技大學,140,9004917,113225,7255692,1636000,64320.84
109,私立,技專校院,1061,中華學校財團法人中華科技大學,155,27395500,14767500,12148000,480000,176745.16
109,私立,技專校院,1062,僑光科技大學,237,29233329,1533000,23670629,4029700,123347.38
109,私立,技專校院,1063,廣亞學校財團法人育達科技大學,96,21621817,15795875,4502526,1323416,225227.26
109,私立,技專校院,1064,美和學校財團法人美和科技大學,212,28385004,20388138,4487816,3509050,133891.53
109,私立,技專校院,1065,吳鳳科技大學,145,14375277,7454000,6350000,571277,99139.84
109,私立,技專校院,1066,環球學校財團法人環球科技大學,137,11046013,5957218,2656000,2432795,80627.83
109,私立,一般大學,1067,台灣首府學校財團法人台灣首府大學,66,633716,386016,220000,27700,9601.76
109,私立,技專校院,1068,中州學校財團法人中州科技大學,88,9026150,6162119,1020200,1843831,102569.89
109,私立,技專校院,1069,修平學校財團法人修平科技大學,177,14638680,1640000,12738680,260000,82704.41
109,私立,技專校院,1070,長庚學校財團法人長庚科技大學,328,62163790,9554887,11913780,40695123,189523.75
109,私立,技專校院,1071,城市學校財團法人臺北城市科技大學,251,19485099,9185000,8572100,1727999,77629.88
109,私立,技專校院,1072,大華學校財團法人敏實科技大學,41,1876000,0,1626000,250000,45756.10
109,私立,技專校院,1073,醒吾學校財團法人醒吾科技大學,218,33914500,19088000,12419500,2407000,155571.10
109,私立,技專校院,1075,文藻學校財團法人文藻外語大學,267,23584118,4954480,3780484,14849154,88330.03
109,私立,技專校院,1076,華夏學校財團法人華夏科技大學,123,9029860,1000000,7374860,655000,73413.50
109,私立,技專校院,1077,慈濟學校財團法人慈濟科技大學,163,9160248,2065414,1048220,6046614,56197.84
109,私立,技專校院,1078,致理學校財團法人致理科技大學,269,34461226,4497669,24788727,5174830,128108.65
109,私立,一般大學,1079,康寧學校財團法人康寧大學,121,2234189,0,1026500,1207689,18464.37
109,私立,技專校院,1080,宏國學校財團法人宏國德霖科技大學,181,17213710,0,15472610,1741100,95103.37
109,私立,技專校院,1081,東方學校財團法人東方設計大學,95,1528848,933836,595012,0,16093.14
109,私立,技專校院,1082,崇右學校財團法人崇右影藝科技大學,75,6024200,217000,5253200,554000,80322.67
109,私立,技專校院,1083,台北海洋學校財團法人台北海洋科技大學,143,16307370,7302870,5618300,3386200,114037.55
109,私立,一般大學,1125,中信學校財團法人中信金融管理學院,55,17049490,13368744,2774096,906650,309990.73
109,私立,技專校院,1148,大漢技術學院,42,1611000,171000,1440000,0,38357.14
109,私立,技專校院,1159,和春技術學院,48,3578417,1305825,1989592,283000,74550.35
109,私立,技專校院,1166,亞東技術學院,149,22016359,655500,12642710,8718149,147760.80
109,私立,技專校院,1168,南亞科技學校財團法人南亞技術學院,93,25084079,14403219,10680860,0,269721.28
109,私立,技專校院,1182,蘭陽技術學院,44,290000,0,90000,200000,6590.91
109,私立,技專校院,1183,黎明技術學院,169,13923000,818000,13045000,60000,82384.62
109,私立,技專校院,1185,經國管理暨健康學院,139,16876656,11923956,4043000,909700,121414.79
109,私立,技專校院,1188,大同技術學院,52,2537000,0,2327000,210000,48788.46
109,私立,一般大學,1195,馬偕學校財團法人馬偕醫學院,127,4695125,0,4395125,300000,36969.49
109,私立,技專校院,1282,馬偕學校財團法人馬偕醫護管理專科學校,145,14957416,0,3487174,11470242,103154.59
109,私立,技專校院,1283,仁德醫護管理專科學校,216,3930358,1040000,2660358,230000,18196.10
109,私立,技專校院,1284,樹人醫護管理專科學校,224,2054300,1540000,143800,370500,9170.98
109,私立,技專校院,1285,慈惠醫護管理專科學校,140,220000,0,220000,0,1571.43
109,私立,技專校院,1286,耕莘健康管理專科學校,164,33253545,210000,2398813,30644732,202765.52
109,私立,技專校院,1287,敏惠醫護管理專科學校,128,731000,0,731000,0,5710.94
109,私立,技專校院,1289,育英醫護管理專科學校,70,547500,0,330000,217500,7821.43
109,私立,技專校院,1291,聖母醫護管理專科學校,89,43154647,40291552,530130,2332965,484883.67
109,私立,技專校院,1292,新生醫護管理專科學校,214,1010000,360000,650000,0,4719.63
109,私立,技專校院,1293,崇仁醫護管理專科學校,124,10907748,5353758,5433397,120593,87965.71
109,私立,宗教研修學院,1R04,財團法人一貫道天皇基金會一貫道天皇學院,12,2530000,2300000,0,230000,210833.33
109,公立,一般大學,3002,臺北市立大學,323,31815708,10461310,13730207,7624191,98500.64
