年度,設立別,學校類別,學校統計處代碼,學校名稱,專任教師數,學校承接「學術研究」計畫經費-小計,學校承接「學術研究」計畫經費-政府部門資助,學校承接「學術研究」計畫經費-企業部門資助,學校承接「學術研究」計畫經費-其他單位資助,學校承接「學術研究」計畫經費-學校自籌經費,專任教師每師平均-承接政府、企業及其他部門資助學術研究計畫經費,專任教師每師平均-承接學校自籌補助學術研究計畫經費
105,公立,一般大學,0001,國立政治大學,731,370412655,352882354,10474191,5806610,1249500,505011.16,1709.30
105,公立,一般大學,0002,國立清華大學,655,1636872591,1577701550,8157699,7199487,43813855,2432150.74,66891.38
105,公立,一般大學,0003,國立臺灣大學,2056,3730547233,3730547233,0,0,0,1814468.50,0
105,公立,一般大學,0004,國立臺灣師範大學,820,542801446,540841375,0,0,1960071,659562.65,2390.33
105,公立,一般大學,0005,國立成功大學,1342,1735195077,1735195077,0,0,0,1292991.86,0
105,公立,一般大學,0006,國立中興大學,771,894218489,893893489,0,50000,275000,1159459.78,356.68
105,公立,一般大學,0007,國立陽明交通大學,729,1366747462,1366747462,0,0,0,1874825.05,0
105,公立,一般大學,0008,國立中央大學,655,1076085215,1061223215,2720000,1500000,10642000,1626630.86,16247.33
105,公立,一般大學,0009,國立中山大學,515,678867630,678867630,0,0,0,1318189.57,0
105,公立,一般大學,0012,國立臺灣海洋大學,415,487368548,463994677,5857871,17516000,0,1174382.04,0
105,公立,一般大學,0013,國立中正大學,536,597642585,503192219,58734966,35715400,0,1115004.82,0
105,公立,一般大學,0014,國立高雄師範大學,293,188189508,162339706,0,22807122,3042680,631900.44,10384.57
105,公立,一般大學,0015,國立彰化師範大學,377,146909000,146709000,0,200000,0,389679.05,0
105,公立,一般大學,0016,國立陽明大學,404,694845764,650213509,0,44632255,0,1719915.26,0
105,公立,一般大學,0017,國立臺北大學,369,159206541,159206541,0,0,0,431454.04,0
105,公立,一般大學,0018,國立嘉義大學,519,254889002,251096759,0,400000,3392243,484579.50,6536.11
105,公立,一般大學,0019,國立高雄大學,236,81731096,80804509,120000,806587,0,346318.20,0
105,公立,一般大學,0020,國立東華大學,492,233961442,233961442,0,0,0,475531.39,0
105,公立,一般大學,0021,國立暨南國際大學,266,107019746,106699746,0,0,320000,401126.86,1203.01
105,公立,技專校院,0022,國立臺灣科技大學,462,504550051,492188300,12361751,0,0,1092099.68,0
105,公立,技專校院,0023,國立雲林科技大學,370,129754904,129754904,0,0,0,350688.93,0
105,公立,技專校院,0024,國立屏東科技大學,398,277677774,277677774,0,0,0,697682.85,0
105,公立,技專校院,0025,國立臺北科技大學,445,209345000,209345000,0,0,0,470438.20,0
105,公立,技專校院,0026,國立高雄第一科技大學,266,68918000,68918000,0,0,0,259090.23,0
105,公立,技專校院,0027,國立高雄應用科技大學,355,103065938,100100638,0,0,2965300,281973.63,8352.96
105,公立,一般大學,0028,國立臺北藝術大學,163,17327943,16900918,0,39373,387652,103928.17,2378.23
105,公立,一般大學,0029,國立臺灣藝術大學,160,7350289,7201289,0,0,149000,45008.06,931.25
105,公立,一般大學,0030,國立臺東大學,186,38859908,38859908,0,0,0,208924.24,0
105,公立,一般大學,0031,國立宜蘭大學,233,120977100,120977100,0,0,0,519215.02,0
105,公立,一般大學,0032,國立聯合大學,292,96797492,82427187,11229825,2380000,760480,328893.88,2604.38
105,公立,技專校院,0033,國立虎尾科技大學,330,88156840,87856840,0,0,300000,266232.85,909.09
105,公立,技專校院,0034,國立高雄海洋科技大學,234,57108466,55169500,180000,1758966,0,244053.27,0
105,公立,一般大學,0035,國立臺南藝術大學,106,5189000,5189000,0,0,0,48952.83,0
105,公立,一般大學,0036,國立臺南大學,242,67180013,65723936,0,0,1456077,271586.51,6016.85
105,公立,一般大學,0037,國立臺北教育大學,224,54555010,54555010,0,0,0,243549.15,0
105,公立,一般大學,0038,國立新竹教育大學,179,31975500,31975500,0,0,0,178634.08,0
105,公立,一般大學,0039,國立臺中教育大學,198,120996718,120727118,0,0,269600,609732.92,1361.62
105,公立,技專校院,0042,國立澎湖科技大學,123,16019000,14819000,0,0,1200000,120479.67,9756.10
105,公立,技專校院,0043,國立勤益科技大學,286,66795110,56519110,3906562,0,6369438,211278.57,22270.76
105,公立,一般大學,0044,國立體育大學,92,15328545,14361000,0,0,967545,156097.83,10516.79
105,公立,技專校院,0046,國立臺北護理健康大學,171,36869575,33189575,0,3660000,20000,215494.59,116.96
105,公立,技專校院,0047,國立高雄餐旅大學,149,14056800,13936800,120000,0,0,94340.94,0
105,公立,一般大學,0048,國立金門大學,145,14586000,14586000,0,0,0,100593.10,0
105,公立,一般大學,0049,國立臺灣體育運動大學,103,11312648,9713217,830431,500000,269000,107219.88,2611.65
105,公立,技專校院,0050,國立臺中科技大學,403,32859998,32859998,0,0,0,81538.46,0
105,公立,技專校院,0051,國立臺北商業大學,206,15500114,14211795,1288319,0,0,75243.27,0
105,公立,一般大學,0052,國立屏東大學,341,44586906,42258486,0,0,2328420,123925.18,6828.21
105,公立,技專校院,0221,國立臺南護理專科學校,88,549000,549000,0,0,0,6238.64,0
105,公立,技專校院,0222,國立臺東專科學校,63,1872000,1872000,0,0,0,29714.29,0
105,私立,一般大學,1001,東海大學,541,161986824,151345104,700000,7295220,2646500,294529.25,4891.87
105,私立,一般大學,1002,輔仁大學,712,127847953,126486203,0,0,1361750,177649.16,1912.57
105,私立,一般大學,1003,東吳大學,442,67887749,65218972,0,0,2668777,147554.24,6037.96
105,私立,一般大學,1004,中原大學,505,339969202,339731452,0,0,237750,672735.55,470.79
105,私立,一般大學,1005,淡江大學學校財團法人淡江大學,796,235062584,224162584,0,0,10900000,281611.29,13693.47
105,私立,一般大學,1006,中國文化大學,757,76998518,76998518,0,0,0,101715.35,0
105,私立,一般大學,1007,逢甲大學,657,271844560,262848400,160000,1215000,7621160,402166.51,11599.94
105,私立,一般大學,1008,靜宜大學,374,61689592,58649092,0,0,3040500,156815.75,8129.68
105,私立,一般大學,1009,長庚大學,619,1336304190,507400199,0,684835741,144068250,1926067.75,232743.54
105,私立,一般大學,1010,元智大學,318,181460757,181460757,0,0,0,570631.31,0
105,私立,一般大學,1011,中華大學學校財團法人中華大學,278,44013281,41058281,710000,805000,1440000,153141.30,5179.86
105,私立,一般大學,1012,大葉大學,338,51239000,43464000,0,0,7775000,128591.72,23002.96
105,私立,一般大學,1013,華梵大學,120,14179250,13319000,0,0,860250,110991.67,7168.75
105,私立,一般大學,1014,義守大學,501,127153690,122307522,0,1800000,3046168,247719.60,6080.18
105,私立,一般大學,1015,世新大學,319,25730000,25730000,0,0,0,80658.31,0
105,私立,一般大學,1016,銘傳大學,593,60786888,58511000,555000,845888,875000,101031.85,1475.55
105,私立,一般大學,1017,實踐大學,410,23694222,20430082,0,0,3264140,49829.47,7961.32
105,私立,技專校院,1018,朝陽科技大學,407,53776928,50418178,0,0,3358750,123877.59,8252.46
105,私立,一般大學,1019,高雄醫學大學,563,481775096,330608096,0,33757000,117410000,647184.90,208543.52
105,私立,一般大學,1020,南華大學,225,14044000,13119000,0,0,925000,58306.67,4111.11
105,私立,一般大學,1021,真理大學,294,20078000,19353000,0,0,725000,65826.53,2465.99
105,私立,一般大學,1022,大同大學,176,46676850,45979950,0,0,696900,261249.72,3959.66
105,私立,技專校院,1023,南臺學校財團法人南臺科技大學,576,97034776,90819697,0,0,6215079,157673.09,10790.07
105,私立,技專校院,1024,崑山科技大學,376,50924740,48874740,0,0,2050000,129986.01,5452.13
105,私立,技專校院,1025,嘉藥學校財團法人嘉南藥理大學,493,34922536,32483356,2149180,0,290000,70248.55,588.24
105,私立,技專校院,1026,樹德科技大學,282,23620500,22621000,0,0,999500,80216.31,3544.33
105,私立,一般大學,1027,慈濟學校財團法人慈濟大學,257,97962338,66224000,0,28767938,2970400,369618.44,11557.98
105,私立,一般大學,1028,臺北醫學大學,580,744859870,658961870,0,32968000,52930000,1192982.53,91258.62
105,私立,一般大學,1029,中山醫學大學,417,250169554,197197912,49171792,0,3799850,590814.64,9112.35
105,私立,技專校院,1030,龍華科技大學,244,17893500,17893500,0,0,0,73334.02,0
105,私立,技專校院,1031,輔英科技大學,340,14217494,14217494,0,0,0,41816.16,0
105,私立,技專校院,1032,明新學校財團法人明新科技大學,375,16112000,15312000,0,0,800000,40832,2133.33
105,私立,一般大學,1033,長榮大學,343,34328603,33402721,0,0,925882,97384.03,2699.36
105,私立,技專校院,1034,弘光科技大學,328,47570092,45440092,0,0,2130000,138536.87,6493.90
105,私立,一般大學,1035,中國醫藥大學,508,384926559,364176559,0,0,20750000,716882.99,40846.46
105,私立,技專校院,1036,健行學校財團法人健行科技大學,325,22888752,22888752,0,0,0,70426.93,0
105,私立,技專校院,1037,正修學校財團法人正修科技大學,440,20354698,20354698,0,0,0,46260.68,0
105,私立,技專校院,1038,萬能學校財團法人萬能科技大學,249,6368000,6368000,0,0,0,25574.30,0
105,私立,一般大學,1039,玄奘大學,158,23676000,10296000,0,13360000,20000,149721.52,126.58
105,私立,技專校院,1040,建國科技大學,275,9283764,9283764,0,0,0,33759.14,0
105,私立,技專校院,1041,明志科技大學,197,72164547,68839547,0,0,3325000,349439.32,16878.17
105,私立,技專校院,1042,高苑科技大學,269,24650000,23400000,0,0,1250000,86988.85,4646.84
105,私立,技專校院,1043,大仁科技大學,271,17243036,16718036,0,0,525000,61690.17,1937.27
105,私立,技專校院,1044,聖約翰科技大學,194,18691500,16202000,0,0,2489500,83515.46,12832.47
105,私立,技專校院,1045,嶺東科技大學,268,13218750,13020000,0,0,198750,48582.09,741.60
105,私立,技專校院,1046,中國科技大學,312,4167970,4167970,0,0,0,13358.88,0
105,私立,技專校院,1047,中臺科技大學,263,22518000,22518000,0,0,0,85619.77,0
105,私立,一般大學,1048,亞洲大學,395,72670000,67220000,0,5450000,0,183974.68,0
105,私立,一般大學,1049,開南大學,272,15992100,14902000,0,0,1090100,54786.76,4007.72
105,私立,一般大學,1050,佛光大學,175,32518700,20518700,0,12000000,0,185821.14,0
105,私立,技專校院,1051,台南家專學校財團法人台南應用科技大學,330,9976000,9976000,0,0,0,30230.30,0
105,私立,技專校院,1052,遠東科技大學,243,24244000,20441000,0,0,3803000,84119.34,15650.21
105,私立,技專校院,1053,光宇學校財團法人元培醫事科技大學,221,14881473,13481473,0,0,1400000,61002.14,6334.84
105,私立,技專校院,1054,景文科技大學,230,12208945,12208945,0,0,0,53082.37,0
105,私立,技專校院,1055,中華醫事科技大學,296,14133540,13821000,312540,0,0,47748.45,0
105,私立,技專校院,1056,東南科技大學,223,5676000,5676000,0,0,0,25452.91,0
105,私立,技專校院,1057,德明財經科技大學,240,7441000,7441000,0,0,0,31004.17,0
105,私立,一般大學,1058,明道學校財團法人明道大學,146,9318000,9318000,0,0,0,63821.92,0
105,私立,技專校院,1060,南開科技大學,198,750000,650000,100000,0,0,3787.88,0
105,私立,技專校院,1061,中華學校財團法人中華科技大學,251,11901580,11801580,100000,0,0,47416.65,0
105,私立,技專校院,1062,僑光科技大學,228,5169000,4489000,0,680000,0,22671.05,0
105,私立,技專校院,1063,廣亞學校財團法人育達科技大學,137,1082100,1082100,0,0,0,7898.54,0
105,私立,技專校院,1064,美和學校財團法人美和科技大學,241,7493845,6868845,625000,0,0,31094.79,0
105,私立,技專校院,1065,吳鳳科技大學,159,2989000,2989000,0,0,0,18798.74,0
105,私立,技專校院,1066,環球學校財團法人環球科技大學,182,1322000,1322000,0,0,0,7263.74,0
105,私立,一般大學,1067,台灣首府學校財團法人台灣首府大學,123,3579000,3579000,0,0,0,29097.56,0
105,私立,技專校院,1068,中州學校財團法人中州科技大學,137,4496000,4496000,0,0,0,32817.52,0
105,私立,技專校院,1069,修平學校財團法人修平科技大學,225,7493000,7493000,0,0,0,33302.22,0
105,私立,技專校院,1070,長庚學校財團法人長庚科技大學,354,41904359,41904359,0,0,0,118373.90,0
105,私立,技專校院,1071,城市學校財團法人臺北城市科技大學,249,802788,802788,0,0,0,3224.05,0
105,私立,技專校院,1072,大華學校財團法人敏實科技大學,119,3108000,3108000,0,0,0,26117.65,0
105,私立,技專校院,1073,醒吾學校財團法人醒吾科技大學,244,3885000,3885000,0,0,0,15922.13,0
105,私立,技專校院,1074,南榮學校財團法人南榮科技大學,110,661000,661000,0,0,0,6009.09,0
105,私立,技專校院,1075,文藻學校財團法人文藻外語大學,272,8769800,8769800,0,0,0,32241.91,0
105,私立,技專校院,1076,華夏學校財團法人華夏科技大學,171,6946000,6946000,0,0,0,40619.88,0
105,私立,技專校院,1077,慈濟學校財團法人慈濟科技大學,150,5733000,5733000,0,0,0,38220,0
105,私立,技專校院,1078,致理學校財團法人致理科技大學,268,6894935,6894935,0,0,0,25727.37,0
105,私立,一般大學,1079,康寧學校財團法人康寧大學,171,8879000,8309000,0,0,570000,48590.64,3333.33
105,私立,一般大學,1125,中信學校財團法人中信金融管理學院,27,300000,300000,0,0,0,11111.11,0
105,私立,技專校院,1148,大漢技術學院,51,520000,520000,0,0,0,10196.08,0
105,私立,技專校院,1159,和春技術學院,124,1599138,1599138,0,0,0,12896.27,0
105,私立,技專校院,1166,亞東技術學院,171,1989000,1989000,0,0,0,11631.58,0
105,私立,技專校院,1168,南亞科技學校財團法人南亞技術學院,161,1813000,1813000,0,0,0,11260.87,0
105,私立,一般大學,1176,稻江科技暨管理學院,63,733000,733000,0,0,0,11634.92,0
105,私立,技專校院,1179,德霖技術學院,203,3669000,3669000,0,0,0,18073.89,0
105,私立,技專校院,1183,黎明技術學院,147,3050780,2795000,255780,0,0,20753.61,0
105,私立,技專校院,1188,大同技術學院,69,262000,262000,0,0,0,3797.10,0
105,私立,技專校院,1189,亞太學校財團法人亞太創意技術學院,71,895000,895000,0,0,0,12605.63,0
105,私立,技專校院,1192,臺灣觀光學院,47,927469,808050,0,0,119419,17192.55,2540.83
105,私立,一般大學,1195,馬偕學校財團法人馬偕醫學院,107,39143920,34895920,0,0,4248000,326130.09,39700.93
105,私立,一般大學,1196,法鼓學校財團法人法鼓文理學院,21,6863795,1440000,0,5423795,0,326847.38,0
105,私立,技專校院,1197,台北海洋技術學院,174,2504000,2241000,163000,100000,0,14390.80,0
105,私立,技專校院,1283,仁德醫護管理專科學校,208,1896000,1896000,0,0,0,9115.38,0
105,私立,技專校院,1284,樹人醫護管理專科學校,213,580000,580000,0,0,0,2723,0
105,私立,技專校院,1285,慈惠醫護管理專科學校,171,464000,464000,0,0,0,2713.45,0
105,私立,技專校院,1286,耕莘健康管理專科學校,174,514000,514000,0,0,0,2954.02,0
105,私立,技專校院,1289,育英醫護管理專科學校,74,370000,370000,0,0,0,5000,0
105,私立,技專校院,1290,崇仁醫護管理專科學校,121,1400000,1400000,0,0,0,11570.25,0
105,私立,技專校院,1291,聖母醫護管理專科學校,115,3944000,2701000,646000,597000,0,34295.65,0
105,私立,技專校院,1292,新生醫護管理專科學校,190,1500000,1500000,0,0,0,7894.74,0
105,私立,宗教研修學院,1R02,學校財團法人中華浸信會基督教台灣浸會神學院,8,80000,80000,0,0,0,10000,0
105,公立,一般大學,3002,臺北市立大學,329,59897030,59897030,0,0,0,182057.84,0
106,公立,一般大學,0001,國立政治大學,722,477117720,453325748,5379047,16684125,1728800,658433.41,2394.46
106,公立,一般大學,0002,國立清華大學,824,1463339234,1457037234,0,0,6302000,1768249.07,7648.06
106,公立,一般大學,0003,國立臺灣大學,2045,3591641818,3591641818,0,0,0,1756304.07,0
106,公立,一般大學,0004,國立臺灣師範大學,826,664284737,656053360,0,0,8231377,794253.46,9965.35
106,公立,一般大學,0005,國立成功大學,1326,1902490000,1902490000,0,0,0,1434758.67,0
106,公立,一般大學,0006,國立中興大學,769,1136571387,1136044387,0,100000,427000,1477430.93,555.27
106,公立,一般大學,0007,國立陽明交通大學,722,1407692773,1407692773,0,0,0,1949712.98,0
106,公立,一般大學,0008,國立中央大學,653,1020767032,1010955032,5740000,330000,3742000,1557465.59,5730.47
106,公立,一般大學,0009,國立中山大學,509,658540038,658540038,0,0,0,1293791.82,0
106,公立,一般大學,0012,國立臺灣海洋大學,414,445495953,445495953,0,0,0,1076077.18,0
106,公立,一般大學,0013,國立中正大學,542,692418287,595594634,35657961,61165692,0,1277524.51,0
106,公立,一般大學,0014,國立高雄師範大學,290,219252213,213748213,0,5504000,0,756042.11,0
106,公立,一般大學,0015,國立彰化師範大學,373,153813691,147532236,0,2143200,4138255,401274.63,11094.52
106,公立,一般大學,0016,國立陽明大學,398,713246564,678867846,0,34378718,0,1792076.79,0
106,公立,一般大學,0017,國立臺北大學,380,148469370,148469370,0,0,0,390708.87,0
106,公立,一般大學,0018,國立嘉義大學,515,291450767,286211200,0,4120374,1119193,563750.63,2173.19
106,公立,一般大學,0019,國立高雄大學,235,95208519,93538519,120000,1550000,0,405142.63,0
106,公立,一般大學,0020,國立東華大學,492,232946046,232946046,0,0,0,473467.57,0
106,公立,一般大學,0021,國立暨南國際大學,268,115572000,115298000,0,0,274000,430216.42,1022.39
106,公立,技專校院,0022,國立臺灣科技大學,458,589746340,582269200,7477140,0,0,1287655.76,0
106,公立,技專校院,0023,國立雲林科技大學,365,115257780,115257780,0,0,0,315774.74,0
106,公立,技專校院,0024,國立屏東科技大學,398,348143156,327606737,2000000,12291500,6244919,859040.80,15690.75
106,公立,技專校院,0025,國立臺北科技大學,470,250818908,250818908,0,0,0,533657.25,0
106,公立,技專校院,0026,國立高雄第一科技大學,269,77696716,77696716,0,0,0,288835.38,0
106,公立,技專校院,0027,國立高雄應用科技大學,351,95974597,93084397,0,0,2890200,265197.71,8234.19
106,公立,一般大學,0028,國立臺北藝術大學,160,18142160,18142160,0,0,0,113388.50,0
106,公立,一般大學,0029,國立臺灣藝術大學,162,6523000,6340000,0,0,183000,39135.80,1129.63
106,公立,一般大學,0030,國立臺東大學,192,48597322,48497322,0,100000,0,253111.05,0
106,公立,一般大學,0031,國立宜蘭大學,233,122762939,112286609,360000,8128000,1988330,518345.96,8533.61
106,公立,一般大學,0032,國立聯合大學,288,96991400,83329500,11105100,1200000,1356800,332064.58,4711.11
106,公立,技專校院,0033,國立虎尾科技大學,329,108342868,108342868,0,0,0,329309.63,0
106,公立,技專校院,0034,國立高雄海洋科技大學,230,56629758,56629758,0,0,0,246216.34,0
106,公立,一般大學,0035,國立臺南藝術大學,105,11465500,11465500,0,0,0,109195.24,0
106,公立,一般大學,0036,國立臺南大學,237,65207188,64466530,0,0,740658,272010.68,3125.14
106,公立,一般大學,0037,國立臺北教育大學,223,66246552,66246552,0,0,0,297069.74,0
106,公立,一般大學,0039,國立臺中教育大學,199,131160833,130912833,0,0,248000,657853.43,1246.23
106,公立,技專校院,0042,國立澎湖科技大學,123,23634000,23634000,0,0,0,192146.34,0
106,公立,技專校院,0043,國立勤益科技大學,281,72615821,62052539,3905953,0,6657329,234727.73,23691.56
106,公立,一般大學,0044,國立體育大學,101,7377000,6377000,0,0,1000000,63138.61,9900.99
106,公立,技專校院,0046,國立臺北護理健康大學,174,48360513,48360513,0,0,0,277933.98,0
106,公立,技專校院,0047,國立高雄餐旅大學,149,16706309,16706309,0,0,0,112122.88,0
106,公立,一般大學,0048,國立金門大學,149,18033002,17643500,314502,0,75000,120523.50,503.36
106,公立,一般大學,0049,國立臺灣體育運動大學,108,9488261,9178261,0,230000,80000,87113.53,740.74
106,公立,技專校院,0050,國立臺中科技大學,405,51822000,51822000,0,0,0,127955.56,0
106,公立,技專校院,0051,國立臺北商業大學,208,18282350,18282350,0,0,0,87895.91,0
106,公立,一般大學,0052,國立屏東大學,339,42783589,40989589,0,0,1794000,120913.24,5292.04
106,公立,技專校院,0221,國立臺南護理專科學校,85,3070000,3070000,0,0,0,36117.65,0
106,公立,技專校院,0222,國立臺東專科學校,64,1988500,1988500,0,0,0,31070.31,0
106,私立,一般大學,1001,東海大學,533,226427925,181915425,100000,1970000,42442500,345188.41,79629.46
106,私立,一般大學,1002,輔仁大學,698,193063033,191801283,0,0,1261750,274786.94,1807.66
106,私立,一般大學,1003,東吳大學,435,67176905,64927128,0,0,2249777,149257.77,5171.90
106,私立,一般大學,1004,中原大學,482,362436584,359783569,0,0,2653015,746438.94,5504.18
106,私立,一般大學,1005,淡江大學學校財團法人淡江大學,759,226028091,216678091,0,0,9350000,285478.38,12318.84
106,私立,一般大學,1006,中國文化大學,746,71538812,71538812,0,0,0,95896.53,0
106,私立,一般大學,1007,逢甲大學,649,303237300,295682800,150000,1220000,6184500,457708.47,9529.28
106,私立,一般大學,1008,靜宜大學,368,67256750,65829000,0,0,1427750,178883.15,3879.76
106,私立,一般大學,1009,長庚大學,596,985319661,340976953,0,502354208,141988500,1414985.17,238235.74
106,私立,一般大學,1010,元智大學,309,147490500,147490500,0,0,0,477315.53,0
106,私立,一般大學,1011,中華大學學校財團法人中華大學,255,29437531,28547518,0,741520,148493,114858.97,582.33
106,私立,一般大學,1012,大葉大學,336,51405936,43822976,0,0,7582960,130425.52,22568.33
106,私立,一般大學,1013,華梵大學,109,11766500,11113000,0,0,653500,101954.13,5995.41
106,私立,一般大學,1014,義守大學,488,130559857,126137260,0,1800000,2622597,262166.52,5374.17
106,私立,一般大學,1015,世新大學,326,31838470,31838470,0,0,0,97664.02,0
106,私立,一般大學,1016,銘傳大學,591,80318560,75749520,1916200,927840,1725000,132984.03,2918.78
106,私立,一般大學,1017,實踐大學,399,24338307,20451197,0,0,3887110,51256.13,9742.13
106,私立,技專校院,1018,朝陽科技大學,400,50421092,49071092,0,0,1350000,122677.73,3375
106,私立,一般大學,1019,高雄醫學大學,557,470210506,407402367,0,27062845,35745294,780009.36,64174.68
106,私立,一般大學,1020,南華大學,217,16102850,15352850,0,0,750000,70750.46,3456.22
106,私立,一般大學,1021,真理大學,280,10788000,10788000,0,0,0,38528.57,0
106,私立,一般大學,1022,大同大學,165,43900964,43503964,0,0,397000,263660.39,2406.06
106,私立,技專校院,1023,南臺學校財團法人南臺科技大學,578,101643773,98243773,0,0,3400000,169971.93,5882.35
106,私立,技專校院,1024,崑山科技大學,359,51772806,49822806,0,0,1950000,138782.19,5431.75
106,私立,技專校院,1025,嘉藥學校財團法人嘉南藥理大學,478,26951240,26679450,271790,0,0,56383.35,0
106,私立,技專校院,1026,樹德科技大學,281,13838000,13838000,0,0,0,49245.55,0
106,私立,一般大學,1027,慈濟學校財團法人慈濟大學,251,103136025,58115353,0,40401797,4618875,392498.61,18401.89
106,私立,一般大學,1028,臺北醫學大學,620,801510228,667140228,0,60994000,73376000,1174410.05,118348.39
106,私立,一般大學,1029,中山醫學大學,399,336946843,208583660,98213183,13000000,17150000,801495.85,42982.46
106,私立,技專校院,1030,龍華科技大學,242,14312000,14312000,0,0,0,59140.50,0
106,私立,技專校院,1031,輔英科技大學,331,16900430,16119450,780980,0,0,51058.70,0
106,私立,技專校院,1032,明新學校財團法人明新科技大學,372,16409000,15609000,0,0,800000,41959.68,2150.54
106,私立,一般大學,1033,長榮大學,350,37419894,33902472,548000,2440000,529422,105401.35,1512.63
106,私立,技專校院,1034,弘光科技大學,322,29061500,27049000,0,0,2012500,84003.11,6250
106,私立,一般大學,1035,中國醫藥大學,484,372092352,346698179,0,0,25394173,716318.55,52467.30
106,私立,技專校院,1036,健行學校財團法人健行科技大學,299,15408081,15408081,0,0,0,51532.04,0
106,私立,技專校院,1037,正修學校財團法人正修科技大學,437,24093763,24093763,0,0,0,55134.47,0
106,私立,技專校院,1038,萬能學校財團法人萬能科技大學,248,5113000,5113000,0,0,0,20616.94,0
106,私立,一般大學,1039,玄奘大學,143,22419372,22278000,141372,0,0,156778.83,0
106,私立,技專校院,1040,建國科技大學,263,4868930,4868930,0,0,0,18513.04,0
106,私立,技專校院,1041,明志科技大學,196,63998950,61039700,0,0,2959250,311427.04,15098.21
106,私立,技專校院,1042,高苑科技大學,264,42544692,42544692,0,0,0,161154.14,0
106,私立,技專校院,1043,大仁科技大學,250,14968750,14413750,0,0,555000,57655,2220
106,私立,技專校院,1044,聖約翰科技大學,187,17780657,15780657,0,0,2000000,84388.54,10695.19
106,私立,技專校院,1045,嶺東科技大學,264,10993896,10993896,0,0,0,41643.55,0
106,私立,技專校院,1046,中國科技大學,305,6390000,6390000,0,0,0,20950.82,0
106,私立,技專校院,1047,中臺科技大學,275,16736000,16191000,0,0,545000,58876.36,1981.82
106,私立,一般大學,1048,亞洲大學,400,107119000,97751800,0,8167200,1200000,264797.50,3000
106,私立,一般大學,1049,開南大學,258,15431000,15431000,0,0,0,59810.08,0
106,私立,一般大學,1050,佛光大學,176,39191215,27023000,0,12168215,0,222677.36,0
106,私立,技專校院,1051,台南家專學校財團法人台南應用科技大學,333,6770000,6770000,0,0,0,20330.33,0
106,私立,技專校院,1052,遠東科技大學,232,37259375,34465875,0,0,2793500,148559.81,12040.95
106,私立,技專校院,1053,光宇學校財團法人元培醫事科技大學,220,12855000,12240000,0,0,615000,55636.36,2795.45
106,私立,技專校院,1054,景文科技大學,201,8492225,8492225,0,0,0,42249.88,0
106,私立,技專校院,1055,中華醫事科技大學,299,8999000,8999000,0,0,0,30096.99,0
106,私立,技專校院,1056,東南科技大學,210,5601000,5601000,0,0,0,26671.43,0
106,私立,技專校院,1057,德明財經科技大學,236,6785000,6785000,0,0,0,28750,0
106,私立,一般大學,1058,明道學校財團法人明道大學,130,9196800,9196800,0,0,0,70744.62,0
106,私立,技專校院,1060,南開科技大學,195,9802000,9802000,0,0,0,50266.67,0
106,私立,技專校院,1061,中華學校財團法人中華科技大學,231,6968334,6882000,0,0,86334,29792.21,373.74
106,私立,技專校院,1062,僑光科技大學,227,3052699,3052699,0,0,0,13448.01,0
106,私立,技專校院,1063,廣亞學校財團法人育達科技大學,129,2860485,2860485,0,0,0,22174.30,0
106,私立,技專校院,1064,美和學校財團法人美和科技大學,231,7804700,7305500,480000,0,19200,33703.46,83.12
106,私立,技專校院,1065,吳鳳科技大學,163,2857000,2857000,0,0,0,17527.61,0
106,私立,技專校院,1066,環球學校財團法人環球科技大學,181,2006000,2006000,0,0,0,11082.87,0
106,私立,一般大學,1067,台灣首府學校財團法人台灣首府大學,105,1258000,1258000,0,0,0,11980.95,0
106,私立,技專校院,1068,中州學校財團法人中州科技大學,123,4776000,4776000,0,0,0,38829.27,0
106,私立,技專校院,1069,修平學校財團法人修平科技大學,203,9675808,9555508,0,0,120300,47071.47,592.61
106,私立,技專校院,1070,長庚學校財團法人長庚科技大學,348,53296624,53296624,0,0,0,153151.22,0
106,私立,技專校院,1071,城市學校財團法人臺北城市科技大學,248,1001000,1001000,0,0,0,4036.29,0
106,私立,技專校院,1072,大華學校財團法人敏實科技大學,110,3114000,3114000,0,0,0,28309.09,0
106,私立,技專校院,1073,醒吾學校財團法人醒吾科技大學,243,2015122,2015122,0,0,0,8292.68,0
106,私立,技專校院,1074,南榮學校財團法人南榮科技大學,103,1181000,1181000,0,0,0,11466.02,0
106,私立,技專校院,1075,文藻學校財團法人文藻外語大學,270,14885000,14885000,0,0,0,55129.63,0
106,私立,技專校院,1076,華夏學校財團法人華夏科技大學,161,5848000,5848000,0,0,0,36322.98,0
106,私立,技專校院,1077,慈濟學校財團法人慈濟科技大學,155,6906000,6906000,0,0,0,44554.84,0
106,私立,技專校院,1078,致理學校財團法人致理科技大學,275,5223702,5223702,0,0,0,18995.28,0
106,私立,一般大學,1079,康寧學校財團法人康寧大學,162,4084000,4046000,0,0,38000,24975.31,234.57
106,私立,技專校院,1080,宏國學校財團法人宏國德霖科技大學,201,1723000,1723000,0,0,0,8572.14,0
106,私立,技專校院,1081,東方學校財團法人東方設計大學,156,3814000,3814000,0,0,0,24448.72,0
106,私立,技專校院,1082,崇右學校財團法人崇右影藝科技大學,99,1034000,1034000,0,0,0,10444.44,0
106,私立,技專校院,1083,台北海洋學校財團法人台北海洋科技大學,162,1977000,1977000,0,0,0,12203.70,0
106,私立,一般大學,1125,中信學校財團法人中信金融管理學院,38,1276000,1276000,0,0,0,33578.95,0
106,私立,技專校院,1159,和春技術學院,108,110430,110430,0,0,0,1022.50,0
106,私立,技專校院,1166,亞東技術學院,162,8818174,8797054,0,0,21120,54302.80,130.37
106,私立,技專校院,1168,南亞科技學校財團法人南亞技術學院,142,1354000,1354000,0,0,0,9535.21,0
106,私立,一般大學,1176,稻江科技暨管理學院,60,1066000,1066000,0,0,0,17766.67,0
106,私立,技專校院,1183,黎明技術學院,154,3642999,3642999,0,0,0,23655.84,0
106,私立,技專校院,1192,臺灣觀光學院,44,668470,668470,0,0,0,15192.50,0
106,私立,一般大學,1195,馬偕學校財團法人馬偕醫學院,103,40834250,39251750,0,0,1582500,381084.95,15364.08
106,私立,一般大學,1196,法鼓學校財團法人法鼓文理學院,20,5802000,5802000,0,0,0,290100,0
106,私立,技專校院,1282,馬偕學校財團法人馬偕醫護管理專科學校,141,2036000,2036000,0,0,0,14439.72,0
106,私立,技專校院,1286,耕莘健康管理專科學校,181,2437000,2437000,0,0,0,13464.09,0
106,私立,技專校院,1291,聖母醫護管理專科學校,111,3813648,3813648,0,0,0,34357.19,0
106,私立,技專校院,1292,新生醫護管理專科學校,213,1279000,1279000,0,0,0,6004.69,0
106,公立,一般大學,3002,臺北市立大學,331,47058419,47058419,0,0,0,142170.45,0
107,公立,一般大學,0001,國立政治大學,714,437869784,406176060,13522105,17391619,780000,612170.57,1092.44
107,公立,一般大學,0002,國立清華大學,823,1853252206,1842853984,0,0,10398222,2239190.75,12634.53
107,公立,一般大學,0003,國立臺灣大學,2043,4221517239,4221517239,0,0,0,2066332.47,0
107,公立,一般大學,0004,國立臺灣師範大學,839,662306588,654814880,0,0,7491708,780470.66,8929.33
107,公立,一般大學,0005,國立成功大學,1325,2163207200,2163207200,0,0,0,1632609.21,0
107,公立,一般大學,0006,國立中興大學,775,1113875499,1110613481,0,3262018,0,1437258.71,0
107,公立,一般大學,0007,國立陽明交通大學,735,1616162174,1616162174,0,0,0,2198860.10,0
107,公立,一般大學,0008,國立中央大學,645,1025005290,1019022290,0,0,5983000,1579879.52,9275.97
107,公立,一般大學,0009,國立中山大學,522,716068877,716068877,0,0,0,1371779.46,0
107,公立,一般大學,0012,國立臺灣海洋大學,416,441834775,441834775,0,0,0,1062102.82,0
107,公立,一般大學,0013,國立中正大學,548,680509723,572144349,51762018,56603356,0,1241806.06,0
107,公立,一般大學,0014,國立高雄師範大學,289,214251606,212702238,0,1549368,0,741355.04,0
107,公立,一般大學,0015,國立彰化師範大學,369,125730131,120200919,0,0,5529212,325747.75,14984.31
107,公立,一般大學,0016,國立陽明大學,408,773407262,693667279,0,79739983,0,1895606.03,0
107,公立,一般大學,0017,國立臺北大學,380,240112814,229343814,0,0,10769000,603536.35,28339.47
107,公立,一般大學,0018,國立嘉義大學,517,339125063,333451347,312000,0,5361716,645577.07,10370.82
107,公立,一般大學,0019,國立高雄大學,237,89554816,88617316,217500,720000,0,377868.42,0
107,公立,一般大學,0020,國立東華大學,477,245079727,245079727,0,0,0,513793.98,0
107,公立,一般大學,0021,國立暨南國際大學,269,117906608,117756608,0,0,150000,437756.91,557.62
107,公立,技專校院,0022,國立臺灣科技大學,499,497164554,497164554,0,0,0,996321.75,0
107,公立,技專校院,0023,國立雲林科技大學,411,140922212,140922212,0,0,0,342876.43,0
107,公立,技專校院,0024,國立屏東科技大學,411,414607806,380031605,19720000,6712201,8144000,988963.03,19815.09
107,公立,技專校院,0025,國立臺北科技大學,469,304882112,304882112,0,0,0,650068.47,0
107,公立,一般大學,0028,國立臺北藝術大學,163,19654200,19254200,400000,0,0,120577.91,0
107,公立,一般大學,0029,國立臺灣藝術大學,167,5357000,5357000,0,0,0,32077.84,0
107,公立,一般大學,0030,國立臺東大學,194,72432532,72432532,0,0,0,373363.57,0
107,公立,一般大學,0031,國立宜蘭大學,232,150021435,143541435,5000000,910000,570000,644187.22,2456.90
107,公立,一般大學,0032,國立聯合大學,284,93445713,85625109,4359724,3014000,446880,327460.68,1573.52
107,公立,技專校院,0033,國立虎尾科技大學,335,105121196,105044896,76300,0,0,313794.61,0
107,公立,一般大學,0035,國立臺南藝術大學,108,14737500,14737500,0,0,0,136458.33,0
107,公立,一般大學,0036,國立臺南大學,235,68129750,67480000,0,0,649750,287148.94,2764.89
107,公立,一般大學,0037,國立臺北教育大學,235,55059595,55059595,0,0,0,234296.15,0
107,公立,一般大學,0039,國立臺中教育大學,203,199903864,199634364,0,0,269500,983420.51,1327.59
107,公立,技專校院,0042,國立澎湖科技大學,120,20866141,20866141,0,0,0,173884.51,0
107,公立,技專校院,0043,國立勤益科技大學,288,88433709,74925000,5145366,0,8363343,278022.10,29039.39
107,公立,一般大學,0044,國立體育大學,99,20010992,19101000,0,0,909992,192939.39,9191.84
107,公立,技專校院,0046,國立臺北護理健康大學,188,32472543,32472543,0,0,0,172726.29,0
107,公立,技專校院,0047,國立高雄餐旅大學,161,12009000,12009000,0,0,0,74590.06,0
107,公立,一般大學,0048,國立金門大學,145,17229000,17169000,0,0,60000,118406.90,413.79
107,公立,一般大學,0049,國立臺灣體育運動大學,114,24314000,23616000,0,0,698000,207157.89,6122.81
107,公立,技專校院,0050,國立臺中科技大學,419,39147060,39050000,0,0,97060,93198.09,231.65
107,公立,技專校院,0051,國立臺北商業大學,213,18371500,18371500,0,0,0,86251.17,0
107,公立,一般大學,0052,國立屏東大學,342,50648156,46500476,0,0,4147680,135966.30,12127.72
107,公立,技專校院,0053,國立高雄科技大學,871,239032328,239032328,0,0,0,274434.36,0
107,公立,技專校院,0144,國立臺灣戲曲學院,35,299000,299000,0,0,0,8542.86,0
107,公立,技專校院,0221,國立臺南護理專科學校,88,1832000,1832000,0,0,0,20818.18,0
107,公立,技專校院,0222,國立臺東專科學校,66,6047290,6047290,0,0,0,91625.61,0
107,私立,一般大學,1001,東海大學,544,232866226,198689341,0,970000,33206885,367020.85,61042.07
107,私立,一般大學,1002,輔仁大學,734,160390429,160390429,0,0,0,218515.57,0
107,私立,一般大學,1003,東吳大學,443,104315276,99116019,0,0,5199257,223738.19,11736.47
107,私立,一般大學,1004,中原大學,497,374734007,373354007,0,0,1380000,751215.31,2776.66
107,私立,一般大學,1005,淡江大學學校財團法人淡江大學,738,206160123,195013345,0,0,11146778,264245.72,15104.04
107,私立,一般大學,1006,中國文化大學,727,79176325,79176325,0,0,0,108908.29,0
107,私立,一般大學,1007,逢甲大學,653,278113925,272674925,225000,1445000,3769000,420130.05,5771.82
107,私立,一般大學,1008,靜宜大學,374,69277870,68082120,0,0,1195750,182037.75,3197.19
107,私立,一般大學,1009,長庚大學,586,804819835,406535151,0,260511684,137773000,1138305.18,235107.51
107,私立,一般大學,1010,元智大學,312,173250169,173250169,0,0,0,555289,0
107,私立,一般大學,1011,中華大學學校財團法人中華大學,234,32577575,32427575,0,150000,0,139220.41,0
107,私立,一般大學,1012,大葉大學,315,43091872,34007741,0,5439131,3645000,125228.17,11571.43
107,私立,一般大學,1013,華梵大學,95,9797750,9141000,0,0,656750,96221.05,6913.16
107,私立,一般大學,1014,義守大學,502,101222577,99656717,0,0,1565860,198519.36,3119.24
107,私立,一般大學,1015,世新大學,336,37277710,37277710,0,0,0,110945.57,0
107,私立,一般大學,1016,銘傳大學,576,71069038,70849038,220000,0,0,123383.75,0
107,私立,一般大學,1017,實踐大學,372,22153548,18044153,0,0,4109395,48505.79,11046.76
107,私立,技專校院,1018,朝陽科技大學,402,45825000,44040000,420000,0,1365000,110597.01,3395.52
107,私立,一般大學,1019,高雄醫學大學,558,434974062,383177292,0,27909270,23887500,736714.27,42809.14
107,私立,一般大學,1020,南華大學,203,11302850,10652850,0,0,650000,52477.09,3201.97
107,私立,一般大學,1021,真理大學,267,11368000,11368000,0,0,0,42576.78,0
107,私立,一般大學,1022,大同大學,158,47455286,45468386,802500,0,1184400,292853.71,7496.20
107,私立,技專校院,1023,南臺學校財團法人南臺科技大學,572,81962999,80887999,0,0,1075000,141412.59,1879.37
107,私立,技專校院,1024,崑山科技大學,343,36075900,35275900,0,0,800000,102845.19,2332.36
107,私立,技專校院,1025,嘉藥學校財團法人嘉南藥理大學,465,40020000,40020000,0,0,0,86064.52,0
107,私立,技專校院,1026,樹德科技大學,281,10456500,10456500,0,0,0,37211.74,0
107,私立,一般大學,1027,慈濟學校財團法人慈濟大學,240,78444138,54270000,0,19983975,4190163,309391.56,17459.01
107,私立,一般大學,1028,臺北醫學大學,616,647721478,551237037,0,29548000,66936441,942832.85,108663.05
107,私立,一般大學,1029,中山醫學大學,412,185165373,171395283,1200000,9500000,3070090,441978.84,7451.67
107,私立,技專校院,1030,龍華科技大學,251,13534000,13534000,0,0,0,53920.32,0
107,私立,技專校院,1031,輔英科技大學,331,15245000,15245000,0,0,0,46057.40,0
107,私立,技專校院,1032,明新學校財團法人明新科技大學,369,13594000,13594000,0,0,0,36840.11,0
107,私立,一般大學,1033,長榮大學,334,22863417,19393700,880764,1879829,709124,66330.22,2123.13
107,私立,技專校院,1034,弘光科技大學,354,42848456,41820956,0,0,1027500,118138.29,2902.54
107,私立,一般大學,1035,中國醫藥大學,495,352662980,330711991,0,0,21950989,668105.03,44345.43
107,私立,技專校院,1036,健行學校財團法人健行科技大學,293,10047197,10047197,0,0,0,34290.77,0
107,私立,技專校院,1037,正修學校財團法人正修科技大學,431,29358160,29358160,0,0,0,68116.38,0
107,私立,技專校院,1038,萬能學校財團法人萬能科技大學,234,4416000,4416000,0,0,0,18871.79,0
107,私立,一般大學,1039,玄奘大學,111,5843372,5702000,141372,0,0,52642.99,0
107,私立,技專校院,1040,建國科技大學,250,6578000,6578000,0,0,0,26312,0
107,私立,技專校院,1041,明志科技大學,193,102228451,100101701,0,0,2126750,518661.66,11019.43
107,私立,技專校院,1042,高苑科技大學,242,14350000,14350000,0,0,0,59297.52,0
107,私立,技專校院,1043,大仁科技大學,219,11870000,11870000,0,0,0,54200.91,0
107,私立,技專校院,1044,聖約翰科技大學,175,10476000,9726000,0,0,750000,55577.14,4285.71
107,私立,技專校院,1045,嶺東科技大學,264,10424000,10424000,0,0,0,39484.85,0
107,私立,技專校院,1046,中國科技大學,290,6236975,6236975,0,0,0,21506.81,0
107,私立,技專校院,1047,中臺科技大學,266,14605080,14398830,206250,0,0,54906.32,0
107,私立,一般大學,1048,亞洲大學,388,86515352,78011517,0,5978835,2525000,216469.98,6507.73
107,私立,一般大學,1049,開南大學,226,12239110,12239110,0,0,0,54155.35,0
107,私立,一般大學,1050,佛光大學,173,27661000,15661000,0,12000000,0,159890.17,0
107,私立,技專校院,1051,台南家專學校財團法人台南應用科技大學,331,7696089,7696089,0,0,0,23251.02,0
107,私立,技專校院,1052,遠東科技大學,211,23946900,23125000,0,0,821900,109597.16,3895.26
107,私立,技專校院,1053,光宇學校財團法人元培醫事科技大學,201,8480334,8394620,0,85714,0,42190.72,0
107,私立,技專校院,1054,景文科技大學,191,7281832,7053000,228832,0,0,38124.77,0
107,私立,技專校院,1055,中華醫事科技大學,288,12235500,11923000,312500,0,0,42484.38,0
107,私立,技專校院,1056,東南科技大學,192,5062459,5062459,0,0,0,26366.97,0
107,私立,技專校院,1057,德明財經科技大學,227,5115080,5115080,0,0,0,22533.39,0
107,私立,一般大學,1058,明道學校財團法人明道大學,127,6087200,6087200,0,0,0,47930.71,0
107,私立,技專校院,1060,南開科技大學,181,6703000,6166000,537000,0,0,37033.15,0
107,私立,技專校院,1061,中華學校財團法人中華科技大學,211,6783000,6783000,0,0,0,32146.92,0
107,私立,技專校院,1062,僑光科技大學,228,4575000,4575000,0,0,0,20065.79,0
107,私立,技專校院,1063,廣亞學校財團法人育達科技大學,113,2592000,2592000,0,0,0,22938.05,0
107,私立,技專校院,1064,美和學校財團法人美和科技大學,229,3994000,3994000,0,0,0,17441.05,0
107,私立,技專校院,1065,吳鳳科技大學,154,1199000,1199000,0,0,0,7785.71,0
107,私立,技專校院,1066,環球學校財團法人環球科技大學,167,1989000,1989000,0,0,0,11910.18,0
107,私立,一般大學,1067,台灣首府學校財團法人台灣首府大學,90,743000,743000,0,0,0,8255.56,0
107,私立,技專校院,1068,中州學校財團法人中州科技大學,112,3980000,3980000,0,0,0,35535.71,0
107,私立,技專校院,1069,修平學校財團法人修平科技大學,188,5530000,5530000,0,0,0,29414.89,0
107,私立,技專校院,1070,長庚學校財團法人長庚科技大學,338,38759403,38759403,0,0,0,114672.79,0
107,私立,技專校院,1071,城市學校財團法人臺北城市科技大學,245,478000,478000,0,0,0,1951.02,0
107,私立,技專校院,1072,大華學校財團法人敏實科技大學,79,454250,454250,0,0,0,5750,0
107,私立,技專校院,1073,醒吾學校財團法人醒吾科技大學,223,2508000,2508000,0,0,0,11246.64,0
107,私立,技專校院,1075,文藻學校財團法人文藻外語大學,266,10007000,10007000,0,0,0,37620.30,0
107,私立,技專校院,1076,華夏學校財團法人華夏科技大學,149,2959000,2959000,0,0,0,19859.06,0
107,私立,技專校院,1077,慈濟學校財團法人慈濟科技大學,159,7144000,7144000,0,0,0,44930.82,0
107,私立,技專校院,1078,致理學校財團法人致理科技大學,277,7113000,7113000,0,0,0,25678.70,0
107,私立,一般大學,1079,康寧學校財團法人康寧大學,122,3874000,3874000,0,0,0,31754.10,0
107,私立,技專校院,1080,宏國學校財團法人宏國德霖科技大學,190,2598000,2598000,0,0,0,13673.68,0
107,私立,技專校院,1081,東方學校財團法人東方設計大學,123,3220000,3220000,0,0,0,26178.86,0
107,私立,技專校院,1082,崇右學校財團法人崇右影藝科技大學,98,754000,754000,0,0,0,7693.88,0
107,私立,技專校院,1083,台北海洋學校財團法人台北海洋科技大學,144,2313000,2313000,0,0,0,16062.50,0
107,私立,一般大學,1125,中信學校財團法人中信金融管理學院,48,436000,436000,0,0,0,9083.33,0
107,私立,技專校院,1159,和春技術學院,82,803885,803885,0,0,0,9803.48,0
107,私立,技專校院,1166,亞東技術學院,157,5510000,5510000,0,0,0,35095.54,0
107,私立,技專校院,1168,南亞科技學校財團法人南亞技術學院,114,1606000,1606000,0,0,0,14087.72,0
107,私立,一般大學,1176,稻江科技暨管理學院,57,607000,602000,0,0,5000,10561.40,87.72
107,私立,技專校院,1183,黎明技術學院,159,4204408,3890628,313780,0,0,26442.82,0
107,私立,技專校院,1185,經國管理暨健康學院,141,800000,800000,0,0,0,5673.76,0
107,私立,一般大學,1195,馬偕學校財團法人馬偕醫學院,125,48605388,45480388,0,0,3125000,363843.10,25000
107,私立,一般大學,1196,法鼓學校財團法人法鼓文理學院,23,1731500,1731500,0,0,0,75282.61,0
107,私立,技專校院,1282,馬偕學校財團法人馬偕醫護管理專科學校,139,2260000,2260000,0,0,0,16258.99,0
107,私立,技專校院,1283,仁德醫護管理專科學校,204,420000,420000,0,0,0,2058.82,0
107,私立,技專校院,1284,樹人醫護管理專科學校,224,2156000,2156000,0,0,0,9625,0
107,私立,技專校院,1286,耕莘健康管理專科學校,172,1217000,1217000,0,0,0,7075.58,0
107,私立,技專校院,1291,聖母醫護管理專科學校,94,2035952,2035952,0,0,0,21659.06,0
107,私立,技專校院,1292,新生醫護管理專科學校,209,761000,761000,0,0,0,3641.15,0
107,私立,宗教研修學院,1R03,臺北基督學院,11,310000,310000,0,0,0,28181.82,0
107,公立,一般大學,3002,臺北市立大學,334,47900833,47900833,0,0,0,143415.67,0
108,公立,一般大學,0001,國立政治大學,743,502194245,461088320,30134570,10143855,827500,674787.01,1113.73
108,公立,一般大學,0002,國立清華大學,830,1892607151,1883168281,0,0,9438870,2268877.45,11372.13
108,公立,一般大學,0003,國立臺灣大學,2021,4012015427,4012015427,0,0,0,1985163.50,0
108,公立,一般大學,0004,國立臺灣師範大學,813,736923507,733912932,0,0,3010575,902721.93,3703.04
108,公立,一般大學,0005,國立成功大學,1340,2253033200,2253033200,0,0,0,1681368.06,0
108,公立,一般大學,0006,國立中興大學,781,1118497588,1116415034,0,0,2082554,1429468.67,2666.52
108,公立,一般大學,0007,國立陽明交通大學,746,1685742449,1685742449,0,0,0,2259708.38,0
108,公立,一般大學,0008,國立中央大學,662,1114159985,1108889985,0,0,5270000,1675060.40,7960.73
108,公立,一般大學,0009,國立中山大學,537,713042175,711842115,160000,0,1040060,1325888.48,1936.80
108,公立,一般大學,0012,國立臺灣海洋大學,430,439369762,439369762,0,0,0,1021790.14,0
108,公立,一般大學,0013,國立中正大學,532,615934190,547446304,39895128,28592758,0,1157771.03,0
108,公立,一般大學,0014,國立高雄師範大學,290,208468996,205506566,0,2962430,0,718858.61,0
108,公立,一般大學,0015,國立彰化師範大學,363,142115650,137371250,0,0,4744400,378433.20,13069.97
108,公立,一般大學,0016,國立陽明大學,406,816694421,745044049,0,71650372,0,2011562.61,0
108,公立,一般大學,0017,國立臺北大學,381,184720471,174180430,0,0,10540041,457166.48,27664.15
108,公立,一般大學,0018,國立嘉義大學,520,382390810,332494533,49546277,350000,0,735366.94,0
108,公立,一般大學,0019,國立高雄大學,238,100089821,99843477,0,246344,0,420545.47,0
108,公立,一般大學,0020,國立東華大學,460,238460828,238410828,0,50000,0,518393.10,0
108,公立,一般大學,0021,國立暨南國際大學,275,135506200,135466200,0,40000,0,492749.82,0
108,公立,技專校院,0022,國立臺灣科技大學,532,569870324,567149828,2720496,0,0,1071184.82,0
108,公立,技專校院,0023,國立雲林科技大學,420,167007793,167007793,0,0,0,397637.60,0
108,公立,技專校院,0024,國立屏東科技大學,404,384534881,358206562,4355661,13396606,8576052,930591.16,21227.85
108,公立,技專校院,0025,國立臺北科技大學,471,330849000,330849000,0,0,0,702439.49,0
108,公立,一般大學,0028,國立臺北藝術大學,162,18957670,18787670,0,0,170000,115973.27,1049.38
108,公立,一般大學,0029,國立臺灣藝術大學,156,4311000,4009000,0,0,302000,25698.72,1935.90
108,公立,一般大學,0030,國立臺東大學,197,55344787,55118927,0,0,225860,279791.51,1146.50
108,公立,一般大學,0031,國立宜蘭大學,231,132965045,126519945,4815000,860000,770100,572272.49,3333.77
108,公立,一般大學,0032,國立聯合大學,285,120851782,99275522,17559500,1820000,2196760,416333.41,7707.93
108,公立,技專校院,0033,國立虎尾科技大學,342,86689918,86689918,0,0,0,253479.29,0
108,公立,一般大學,0035,國立臺南藝術大學,109,9912500,9912500,0,0,0,90940.37,0
108,公立,一般大學,0036,國立臺南大學,232,63410505,63010505,0,0,400000,271597,1724.14
108,公立,一般大學,0037,國立臺北教育大學,237,56395236,56395236,0,0,0,237954.58,0
108,公立,一般大學,0039,國立臺中教育大學,202,155531041,155282641,0,0,248400,768725.95,1229.70
108,公立,技專校院,0042,國立澎湖科技大學,121,15637000,15637000,0,0,0,129231.40,0
108,公立,技專校院,0043,國立勤益科技大學,307,106343806,99130733,0,0,7213073,322901.41,23495.35
108,公立,一般大學,0044,國立體育大學,101,13215384,12515384,0,0,700000,123914.69,6930.69
108,公立,技專校院,0046,國立臺北護理健康大學,195,38483900,38483900,0,0,0,197353.33,0
108,公立,技專校院,0047,國立高雄餐旅大學,162,9917500,9917500,0,0,0,61219.14,0
108,公立,一般大學,0048,國立金門大學,149,25938500,25938500,0,0,0,174083.89,0
108,公立,一般大學,0049,國立臺灣體育運動大學,114,23264000,22434000,0,0,830000,196789.47,7280.70
108,公立,技專校院,0050,國立臺中科技大學,427,47214639,47214639,0,0,0,110572.93,0
108,公立,技專校院,0051,國立臺北商業大學,215,25432000,25432000,0,0,0,118288.37,0
108,公立,一般大學,0052,國立屏東大學,347,64015448,60465448,0,0,3550000,174252.01,10230.55
108,公立,技專校院,0053,國立高雄科技大學,871,273329250,273329250,0,0,0,313810.85,0
108,公立,技專校院,0221,國立臺南護理專科學校,90,6193000,6193000,0,0,0,68811.11,0
108,公立,技專校院,0222,國立臺東專科學校,67,3301000,3301000,0,0,0,49268.66,0
108,私立,一般大學,1001,東海大學,557,297637873,200501771,0,38000000,59136102,428189.89,106168.94
108,私立,一般大學,1002,輔仁大學,727,174775089,170233504,0,0,4541585,234158.88,6247.02
108,私立,一般大學,1003,東吳大學,442,94905130,90357874,0,0,4547256,204429.58,10287.91
108,私立,一般大學,1004,中原大學,495,353692393,353092393,0,0,600000,713317.97,1212.12
108,私立,一般大學,1005,淡江大學學校財團法人淡江大學,719,191558137,182157807,0,0,9400330,253348.83,13074.17
108,私立,一般大學,1006,中國文化大學,724,104148871,104148871,0,0,0,143852.03,0
108,私立,一般大學,1007,逢甲大學,633,279100799,264737800,0,1987500,12375499,421366.98,19550.55
108,私立,一般大學,1008,靜宜大學,387,68666500,68666500,0,0,0,177432.82,0
108,私立,一般大學,1009,長庚大學,581,843699850,455348458,0,253326392,135025000,1219750.17,232401.03
108,私立,一般大學,1010,元智大學,301,137591500,137591500,0,0,0,457114.62,0
108,私立,一般大學,1011,中華大學學校財團法人中華大學,222,16444400,16415900,0,0,28500,73945.50,128.38
108,私立,一般大學,1012,大葉大學,298,42336361,39036361,0,2400000,900000,139048.19,3020.13
108,私立,一般大學,1013,華梵大學,82,5700000,5700000,0,0,0,69512.20,0
108,私立,一般大學,1014,義守大學,535,88622107,85603635,0,1800000,1218472,163371.28,2277.52
108,私立,一般大學,1015,世新大學,333,28450940,28450940,0,0,0,85438.26,0
108,私立,一般大學,1016,銘傳大學,571,61738000,61470000,220000,48000,0,108122.59,0
108,私立,一般大學,1017,實踐大學,355,16220287,13845787,0,0,2374500,39002.22,6688.73
108,私立,技專校院,1018,朝陽科技大學,395,52882387,51673000,1209387,0,0,133879.46,0
108,私立,一般大學,1019,高雄醫學大學,558,550370326,381356202,103870,34590254,134320000,745609.90,240716.85
108,私立,一般大學,1020,南華大學,206,15939500,15939500,0,0,0,77376.21,0
108,私立,一般大學,1021,真理大學,255,11427000,11427000,0,0,0,44811.76,0
108,私立,一般大學,1022,大同大學,150,45145985,45145985,0,0,0,300973.23,0
108,私立,技專校院,1023,南臺學校財團法人南臺科技大學,556,77508337,77508337,0,0,0,139403.48,0
108,私立,技專校院,1024,崑山科技大學,334,23671000,23671000,0,0,0,70871.26,0
108,私立,技專校院,1025,嘉藥學校財團法人嘉南藥理大學,436,18611540,18313000,298540,0,0,42687.02,0
108,私立,技專校院,1026,樹德科技大學,272,10378000,10378000,0,0,0,38154.41,0
108,私立,一般大學,1027,慈濟學校財團法人慈濟大學,235,66676436,34862000,0,27185436,4629000,264031.64,19697.87
108,私立,一般大學,1028,臺北醫學大學,651,794474911,706197029,0,34017000,54260882,1137041.52,83350.05
108,私立,一般大學,1029,中山醫學大學,405,218238200,204238200,0,10500000,3500000,530217.78,8641.98
108,私立,技專校院,1030,龍華科技大學,249,9947284,9947284,0,0,0,39948.93,0
108,私立,技專校院,1031,輔英科技大學,302,598000,598000,0,0,0,1980.13,0
108,私立,技專校院,1032,明新學校財團法人明新科技大學,349,11714000,11714000,0,0,0,33564.47,0
108,私立,一般大學,1033,長榮大學,322,18279927,17892266,0,237661,150000,56304.12,465.84
108,私立,技專校院,1034,弘光科技大學,339,35572655,35572655,0,0,0,104934.09,0
108,私立,一般大學,1035,中國醫藥大學,509,390648753,383538753,0,0,7110000,753514.25,13968.57
108,私立,技專校院,1036,健行學校財團法人健行科技大學,276,7629000,7629000,0,0,0,27641.30,0
108,私立,技專校院,1037,正修學校財團法人正修科技大學,435,17749000,17749000,0,0,0,40802.30,0
108,私立,技專校院,1038,萬能學校財團法人萬能科技大學,251,4135000,4135000,0,0,0,16474.10,0
108,私立,一般大學,1039,玄奘大學,107,4059938,3918566,141372,0,0,37943.35,0
108,私立,技專校院,1040,建國科技大學,238,8222300,8222300,0,0,0,34547.48,0
108,私立,技專校院,1041,明志科技大學,193,65761200,65761200,0,0,0,340731.61,0
108,私立,技專校院,1042,高苑科技大學,198,4460000,4460000,0,0,0,22525.25,0
108,私立,技專校院,1043,大仁科技大學,205,5418000,5418000,0,0,0,26429.27,0
108,私立,技專校院,1044,聖約翰科技大學,167,7585000,7585000,0,0,0,45419.16,0
108,私立,技專校院,1045,嶺東科技大學,275,9285743,9285743,0,0,0,33766.34,0
108,私立,技專校院,1046,中國科技大學,265,7263000,7263000,0,0,0,27407.55,0
108,私立,技專校院,1047,中臺科技大學,263,13573000,13573000,0,0,0,51608.37,0
108,私立,一般大學,1048,亞洲大學,403,90232000,79112000,0,9920000,1200000,220923.08,2977.67
108,私立,一般大學,1049,開南大學,213,12152360,12152360,0,0,0,57053.33,0
108,私立,一般大學,1050,佛光大學,166,32028203,20028203,0,12000000,0,192940.98,0
108,私立,技專校院,1051,台南家專學校財團法人台南應用科技大學,329,4935799,4935799,0,0,0,15002.43,0
108,私立,技專校院,1052,遠東科技大學,200,5567500,5029000,0,0,538500,25145,2692.50
108,私立,技專校院,1053,光宇學校財團法人元培醫事科技大學,197,10886042,10481042,405000,0,0,55259.10,0
108,私立,技專校院,1054,景文科技大學,186,7694200,7694200,0,0,0,41366.67,0
108,私立,技專校院,1055,中華醫事科技大學,286,11319830,10713000,606830,0,0,39579.83,0
108,私立,技專校院,1056,東南科技大學,181,2994882,2994882,0,0,0,16546.31,0
108,私立,技專校院,1057,德明財經科技大學,229,4850000,4850000,0,0,0,21179.04,0
108,私立,一般大學,1058,明道學校財團法人明道大學,119,7231715,7136844,0,0,94871,59973.48,797.24
108,私立,技專校院,1060,南開科技大學,152,5258300,5258300,0,0,0,34594.08,0
108,私立,技專校院,1061,中華學校財團法人中華科技大學,170,5751799,5617000,134799,0,0,33834.11,0
108,私立,技專校院,1062,僑光科技大學,231,5566000,5566000,0,0,0,24095.24,0
108,私立,技專校院,1063,廣亞學校財團法人育達科技大學,104,1812000,1812000,0,0,0,17423.08,0
108,私立,技專校院,1064,美和學校財團法人美和科技大學,223,4790000,4790000,0,0,0,21479.82,0
108,私立,技專校院,1065,吳鳳科技大學,147,2371000,2371000,0,0,0,16129.25,0
108,私立,技專校院,1066,環球學校財團法人環球科技大學,152,611000,611000,0,0,0,4019.74,0
108,私立,一般大學,1067,台灣首府學校財團法人台灣首府大學,74,1318000,1318000,0,0,0,17810.81,0
108,私立,技專校院,1068,中州學校財團法人中州科技大學,99,2832000,2832000,0,0,0,28606.06,0
108,私立,技專校院,1069,修平學校財團法人修平科技大學,183,4221000,4221000,0,0,0,23065.57,0
108,私立,技專校院,1070,長庚學校財團法人長庚科技大學,277,39561357,39526357,0,0,35000,142694.43,126.35
108,私立,技專校院,1071,城市學校財團法人臺北城市科技大學,252,1899000,1899000,0,0,0,7535.71,0
108,私立,技專校院,1072,大華學校財團法人敏實科技大學,47,241500,241500,0,0,0,5138.30,0
108,私立,技專校院,1073,醒吾學校財團法人醒吾科技大學,231,1363000,1363000,0,0,0,5900.43,0
108,私立,技專校院,1075,文藻學校財團法人文藻外語大學,266,9268000,8868000,400000,0,0,34842.11,0
108,私立,技專校院,1076,華夏學校財團法人華夏科技大學,142,2608000,2608000,0,0,0,18366.20,0
108,私立,技專校院,1077,慈濟學校財團法人慈濟科技大學,161,3752000,3752000,0,0,0,23304.35,0
108,私立,技專校院,1078,致理學校財團法人致理科技大學,278,6623264,6623264,0,0,0,23824.69,0
108,私立,一般大學,1079,康寧學校財團法人康寧大學,124,476970,476970,0,0,0,3846.53,0
108,私立,技專校院,1080,宏國學校財團法人宏國德霖科技大學,186,1147000,1147000,0,0,0,6166.67,0
108,私立,技專校院,1081,東方學校財團法人東方設計大學,118,1418000,1418000,0,0,0,12016.95,0
108,私立,技專校院,1083,台北海洋學校財團法人台北海洋科技大學,138,2434000,2434000,0,0,0,17637.68,0
108,私立,一般大學,1125,中信學校財團法人中信金融管理學院,51,2897000,2897000,0,0,0,56803.92,0
108,私立,技專校院,1159,和春技術學院,49,830000,830000,0,0,0,16938.78,0
108,私立,技專校院,1166,亞東技術學院,154,7423624,7423624,0,0,0,48205.35,0
108,私立,技專校院,1168,南亞科技學校財團法人南亞技術學院,101,737000,737000,0,0,0,7297.03,0
108,私立,技專校院,1183,黎明技術學院,158,2323565,2173565,150000,0,0,14706.11,0
108,私立,技專校院,1185,經國管理暨健康學院,145,1372000,1372000,0,0,0,9462.07,0
108,私立,一般大學,1195,馬偕學校財團法人馬偕醫學院,127,50473387,45376060,0,0,5097327,357291.81,40136.43
108,私立,一般大學,1196,法鼓學校財團法人法鼓文理學院,26,2143000,1002000,0,1141000,0,82423.08,0
108,私立,技專校院,1282,馬偕學校財團法人馬偕醫護管理專科學校,143,1368000,1368000,0,0,0,9566.43,0
108,私立,技專校院,1283,仁德醫護管理專科學校,209,692000,692000,0,0,0,3311,0
108,私立,技專校院,1284,樹人醫護管理專科學校,221,2188000,1891000,297000,0,0,9900.45,0
108,私立,技專校院,1286,耕莘健康管理專科學校,169,570000,570000,0,0,0,3372.78,0
108,私立,技專校院,1289,育英醫護管理專科學校,69,1179845,1060250,0,119595,0,17099.20,0
108,私立,技專校院,1291,聖母醫護管理專科學校,93,2100000,2100000,0,0,0,22580.65,0
108,私立,技專校院,1292,新生醫護管理專科學校,218,739000,739000,0,0,0,3389.91,0
108,私立,宗教研修學院,1R03,臺北基督學院,11,121000,121000,0,0,0,11000,0
108,公立,一般大學,3002,臺北市立大學,334,63051000,63051000,0,0,0,188775.45,0
109,公立,一般大學,0001,國立政治大學,731,573242661,538701556,16777989,16276541,1486575,782156.07,2033.62
109,公立,一般大學,0002,國立清華大學,839,1758441835,1758441835,0,0,0,2095878.23,0
109,公立,一般大學,0003,國立臺灣大學,2053,4039043667,4039043667,0,0,0,1967386.10,0
109,公立,一般大學,0004,國立臺灣師範大學,823,784315890,781305966,0,0,3009924,949338.96,3657.26
109,公立,一般大學,0005,國立成功大學,1336,2326132200,2326132200,0,0,0,1741116.92,0
109,公立,一般大學,0006,國立中興大學,775,1170525398,1165834398,0,0,4691000,1504302.45,6052.90
109,公立,一般大學,0007,國立陽明交通大學,755,1646326833,1646326833,0,0,0,2180565.34,0
109,公立,一般大學,0008,國立中央大學,669,1022448618,1021105388,0,0,1343230,1526315.98,2007.82
109,公立,一般大學,0009,國立中山大學,558,803283750,772818894,22379656,7471600,613600,1438476.97,1099.64
109,公立,一般大學,0012,國立臺灣海洋大學,440,475177199,473865199,0,722000,590000,1078607.27,1340.91
109,公立,一般大學,0013,國立中正大學,533,612826106,536002599,44654526,32168981,0,1149767.55,0
109,公立,一般大學,0014,國立高雄師範大學,286,207078116,207078116,0,0,0,724049.36,0
109,公立,一般大學,0015,國立彰化師範大學,368,142106201,139106441,0,0,2999760,378006.63,8151.52
109,公立,一般大學,0016,國立陽明大學,405,791743561,732613705,11900000,47229856,0,1954922.37,0
109,公立,一般大學,0017,國立臺北大學,384,207032584,198469748,0,0,8562836,516848.30,22299.05
109,公立,一般大學,0018,國立嘉義大學,513,551048299,476823812,40704618,0,33519869,1008827.35,65340.88
109,公立,一般大學,0019,國立高雄大學,238,111317319,106641749,1448771,3226799,0,467719.83,0
109,公立,一般大學,0020,國立東華大學,457,281093480,281043480,0,50000,0,615084.20,0
109,公立,一般大學,0021,國立暨南國際大學,273,130109882,123429882,0,6680000,0,476592.97,0
109,公立,技專校院,0022,國立臺灣科技大學,560,582492462,582492462,0,0,0,1040165.11,0
109,公立,技專校院,0023,國立雲林科技大學,425,156685351,156685351,0,0,0,368671.41,0
109,公立,技專校院,0024,國立屏東科技大學,433,335377769,285754581,30507000,10923688,8192500,755624.18,18920.32
109,公立,技專校院,0025,國立臺北科技大學,459,363120203,363120203,0,0,0,791111.55,0
109,公立,一般大學,0028,國立臺北藝術大學,165,40515319,40325319,190000,0,0,245547.39,0
109,公立,一般大學,0029,國立臺灣藝術大學,155,8855000,8535000,0,0,320000,55064.52,2064.52
109,公立,一般大學,0030,國立臺東大學,202,69916980,69916980,0,0,0,346123.66,0
109,公立,一般大學,0031,國立宜蘭大學,235,137844461,136532795,0,0,1311666,580990.62,5581.56
109,公立,一般大學,0032,國立聯合大學,284,111690015,88298000,19943336,1001309,2447370,384657.20,8617.50
109,公立,技專校院,0033,國立虎尾科技大學,347,117616096,116491096,1125000,0,0,338951.29,0
109,公立,一般大學,0035,國立臺南藝術大學,109,3533000,3533000,0,0,0,32412.84,0
109,公立,一般大學,0036,國立臺南大學,230,62740325,61602325,0,0,1138000,267836.20,4947.83
109,公立,一般大學,0037,國立臺北教育大學,238,63027441,61097028,0,0,1930413,256710.20,8110.98
109,公立,一般大學,0039,國立臺中教育大學,203,202187774,201960974,0,0,226800,994881.65,1117.24
109,公立,技專校院,0042,國立澎湖科技大學,127,13911700,13911700,0,0,0,109540.94,0
109,公立,技專校院,0043,國立勤益科技大學,315,76030892,69240479,0,0,6790413,219811.04,21556.87
109,公立,一般大學,0044,國立體育大學,102,15919257,14674000,345260,0,899997,147247.65,8823.50
109,公立,技專校院,0046,國立臺北護理健康大學,207,33607000,33607000,0,0,0,162352.66,0
109,公立,技專校院,0047,國立高雄餐旅大學,164,12156000,12156000,0,0,0,74121.95,0
109,公立,一般大學,0048,國立金門大學,147,20999410,20999410,0,0,0,142853.13,0
109,公立,一般大學,0049,國立臺灣體育運動大學,124,27972250,27142250,0,0,830000,218889.11,6693.55
109,公立,技專校院,0050,國立臺中科技大學,423,51646800,51646800,0,0,0,122096.45,0
109,公立,技專校院,0051,國立臺北商業大學,221,23620500,23620500,0,0,0,106880.09,0
109,公立,一般大學,0052,國立屏東大學,350,56647100,51937100,0,0,4710000,148391.71,13457.14
109,公立,技專校院,0053,國立高雄科技大學,864,236218319,236218319,0,0,0,273400.83,0
109,公立,技專校院,0221,國立臺南護理專科學校,92,5685000,5685000,0,0,0,61793.48,0
109,公立,技專校院,0222,國立臺東專科學校,67,4306000,4056000,0,250000,0,64268.66,0
109,私立,一般大學,1001,東海大學,561,281654885,161761783,0,51030000,68863102,379307.99,122750.63
109,私立,一般大學,1002,輔仁大學,728,200241808,194689968,0,0,5551840,267431.27,7626.15
109,私立,一般大學,1003,東吳大學,431,87709458,84051068,0,0,3658390,195014.08,8488.14
109,私立,一般大學,1004,中原大學,496,296021716,295931716,0,0,90000,596636.52,181.45
109,私立,一般大學,1005,淡江大學學校財團法人淡江大學,722,185812660,179666072,0,0,6146588,248844.98,8513.28
109,私立,一般大學,1006,中國文化大學,704,74310474,74310474,0,0,0,105554.65,0
109,私立,一般大學,1007,逢甲大學,664,274108411,267539829,0,1774500,4794082,405593.87,7220
109,私立,一般大學,1008,靜宜大學,383,64110500,64110500,0,0,0,167390.34,0
109,私立,一般大學,1009,長庚大學,571,819995514,446121998,0,244649516,129224000,1209757.47,226311.73
109,私立,一般大學,1010,元智大學,301,136903000,136903000,0,0,0,454827.24,0
109,私立,一般大學,1011,中華大學學校財團法人中華大學,216,20049228,18337650,1205600,49950,456028,90709.26,2111.24
109,私立,一般大學,1012,大葉大學,292,34982392,29897392,0,4435000,650000,117576.68,2226.03
109,私立,一般大學,1013,華梵大學,76,3812000,3812000,0,0,0,50157.89,0
109,私立,一般大學,1014,義守大學,540,83979802,79958944,0,1904303,2116555,151598.61,3919.55
109,私立,一般大學,1015,世新大學,346,32885160,32885160,0,0,0,95043.82,0
109,私立,一般大學,1016,銘傳大學,568,68621133,65599276,1728257,1293600,0,120811.85,0
109,私立,一般大學,1017,實踐大學,339,9896927,8195927,0,0,1701000,24176.78,5017.70
109,私立,技專校院,1018,朝陽科技大學,394,39273001,38713001,560000,0,0,99677.67,0
109,私立,一般大學,1019,高雄醫學大學,544,534644679,445954679,0,17620000,71070000,852159.34,130643.38
109,私立,一般大學,1020,南華大學,192,10644800,10644800,0,0,0,55441.67,0
109,私立,一般大學,1021,真理大學,233,9843000,9843000,0,0,0,42244.64,0
109,私立,一般大學,1022,大同大學,143,20655000,20655000,0,0,0,144440.56,0
109,私立,技專校院,1023,南臺學校財團法人南臺科技大學,559,59803105,59803105,0,0,0,106982.30,0
109,私立,技專校院,1024,崑山科技大學,313,30940000,30940000,0,0,0,98849.84,0
109,私立,技專校院,1025,嘉藥學校財團法人嘉南藥理大學,391,26168230,26168230,0,0,0,66926.42,0
109,私立,技專校院,1026,樹德科技大學,267,6666000,6666000,0,0,0,24966.29,0
109,私立,一般大學,1027,慈濟學校財團法人慈濟大學,238,78138357,43868000,0,33395812,874545,324637.87,3674.56
109,私立,一般大學,1028,臺北醫學大學,669,716068391,609620407,0,44375000,62072984,977571.61,92784.73
109,私立,一般大學,1029,中山醫學大學,404,163282389,149686457,0,9300000,4295932,393530.83,10633.50
109,私立,技專校院,1030,龍華科技大學,265,16706000,16706000,0,0,0,63041.51,0
109,私立,技專校院,1031,輔英科技大學,323,8694900,8694900,0,0,0,26919.20,0
109,私立,技專校院,1032,明新學校財團法人明新科技大學,323,14207459,14207459,0,0,0,43985.94,0
109,私立,一般大學,1033,長榮大學,323,16941000,16941000,0,0,0,52448.92,0
109,私立,技專校院,1034,弘光科技大學,343,36777345,36313056,0,0,464289,105868.97,1353.61
109,私立,一般大學,1035,中國醫藥大學,521,335380771,328560771,0,0,6820000,630634.88,13090.21
109,私立,技專校院,1036,健行學校財團法人健行科技大學,285,4685041,4685041,0,0,0,16438.74,0
109,私立,技專校院,1037,正修學校財團法人正修科技大學,425,9657000,9657000,0,0,0,22722.35,0
109,私立,技專校院,1038,萬能學校財團法人萬能科技大學,251,5677000,5677000,0,0,0,22617.53,0
109,私立,一般大學,1039,玄奘大學,112,2117200,2117200,0,0,0,18903.57,0
109,私立,技專校院,1040,建國科技大學,223,6303000,6303000,0,0,0,28264.57,0
109,私立,技專校院,1041,明志科技大學,199,89457662,89078662,379000,0,0,449535.99,0
109,私立,技專校院,1042,高苑科技大學,187,4261000,4261000,0,0,0,22786.10,0
109,私立,技專校院,1043,大仁科技大學,180,930400,930400,0,0,0,5168.89,0
109,私立,技專校院,1044,聖約翰科技大學,133,3299000,3299000,0,0,0,24804.51,0
109,私立,技專校院,1045,嶺東科技大學,274,7901000,7901000,0,0,0,28835.77,0
109,私立,技專校院,1046,中國科技大學,248,6275000,6275000,0,0,0,25302.42,0
109,私立,技專校院,1047,中臺科技大學,242,11919000,11819000,100000,0,0,49252.07,0
109,私立,一般大學,1048,亞洲大學,394,101036000,93516000,0,7520000,0,256436.55,0
109,私立,一般大學,1049,開南大學,204,10394000,10394000,0,0,0,50950.98,0
109,私立,一般大學,1050,佛光大學,165,25675501,20135501,0,5540000,0,155609.10,0
109,私立,技專校院,1051,台南家專學校財團法人台南應用科技大學,328,6242000,6242000,0,0,0,19030.49,0
109,私立,技專校院,1052,遠東科技大學,183,5945427,5268000,0,0,677427,28786.89,3701.79
109,私立,技專校院,1053,光宇學校財團法人元培醫事科技大學,184,12868000,12748000,120000,0,0,69934.78,0
109,私立,技專校院,1054,景文科技大學,172,6500000,6500000,0,0,0,37790.70,0
109,私立,技專校院,1055,中華醫事科技大學,279,6627557,6627557,0,0,0,23754.68,0
109,私立,技專校院,1056,東南科技大學,170,2790000,2790000,0,0,0,16411.76,0
109,私立,技專校院,1057,德明財經科技大學,224,4330000,4330000,0,0,0,19330.36,0
109,私立,一般大學,1058,明道學校財團法人明道大學,116,5293444,5169000,0,0,124444,44560.34,1072.79
109,私立,技專校院,1060,南開科技大學,140,3304000,3304000,0,0,0,23600,0
109,私立,技專校院,1061,中華學校財團法人中華科技大學,155,4491000,4491000,0,0,0,28974.19,0
109,私立,技專校院,1062,僑光科技大學,237,4723477,4723477,0,0,0,19930.28,0
109,私立,技專校院,1063,廣亞學校財團法人育達科技大學,96,1072600,1072600,0,0,0,11172.92,0
109,私立,技專校院,1064,美和學校財團法人美和科技大學,212,8572394,8572394,0,0,0,40435.82,0
109,私立,技專校院,1065,吳鳳科技大學,145,1548000,1548000,0,0,0,10675.86,0
109,私立,一般大學,1067,台灣首府學校財團法人台灣首府大學,66,667000,587000,0,0,80000,8893.94,1212.12
109,私立,技專校院,1068,中州學校財團法人中州科技大學,88,2684000,2684000,0,0,0,30500,0
109,私立,技專校院,1069,修平學校財團法人修平科技大學,177,3219000,3219000,0,0,0,18186.44,0
109,私立,技專校院,1070,長庚學校財團法人長庚科技大學,328,52499638,52489638,0,0,10000,160029.38,30.49
109,私立,技專校院,1072,大華學校財團法人敏實科技大學,41,544000,544000,0,0,0,13268.29,0
109,私立,技專校院,1073,醒吾學校財團法人醒吾科技大學,218,556000,556000,0,0,0,2550.46,0
109,私立,技專校院,1075,文藻學校財團法人文藻外語大學,267,11856000,11856000,0,0,0,44404.49,0
109,私立,技專校院,1076,華夏學校財團法人華夏科技大學,123,3879000,3879000,0,0,0,31536.59,0
109,私立,技專校院,1077,慈濟學校財團法人慈濟科技大學,163,3800000,3800000,0,0,0,23312.88,0
109,私立,技專校院,1078,致理學校財團法人致理科技大學,269,7095000,7095000,0,0,0,26375.46,0
109,私立,一般大學,1079,康寧學校財團法人康寧大學,121,491000,491000,0,0,0,4057.85,0
109,私立,技專校院,1080,宏國學校財團法人宏國德霖科技大學,181,2298000,2198000,0,0,100000,12143.65,552.49
109,私立,技專校院,1083,台北海洋學校財團法人台北海洋科技大學,143,4234000,4234000,0,0,0,29608.39,0
109,私立,一般大學,1125,中信學校財團法人中信金融管理學院,55,2131000,2131000,0,0,0,38745.45,0
109,私立,技專校院,1159,和春技術學院,48,600000,600000,0,0,0,12500,0
109,私立,技專校院,1166,亞東技術學院,149,7644748,7644748,0,0,0,51307.03,0
109,私立,技專校院,1168,南亞科技學校財團法人南亞技術學院,93,1257000,1257000,0,0,0,13516.13,0
109,私立,技專校院,1183,黎明技術學院,169,2679780,2521000,158780,0,0,15856.69,0
109,私立,技專校院,1185,經國管理暨健康學院,139,1962000,1962000,0,0,0,14115.11,0
109,私立,一般大學,1195,馬偕學校財團法人馬偕醫學院,127,35613292,32384000,0,0,3229292,254992.13,25427.50
109,私立,一般大學,1196,法鼓學校財團法人法鼓文理學院,24,5681300,3525300,0,2156000,0,236720.83,0
109,私立,技專校院,1282,馬偕學校財團法人馬偕醫護管理專科學校,145,393000,393000,0,0,0,2710.34,0
109,私立,技專校院,1284,樹人醫護管理專科學校,224,625000,625000,0,0,0,2790.18,0
109,私立,技專校院,1289,育英醫護管理專科學校,70,1073000,1073000,0,0,0,15328.57,0
109,私立,技專校院,1291,聖母醫護管理專科學校,89,2628000,2628000,0,0,0,29528.09,0
109,私立,技專校院,1292,新生醫護管理專科學校,214,140000,140000,0,0,0,654.21,0
109,私立,宗教研修學院,1R02,學校財團法人中華浸信會基督教台灣浸會神學院,12,204746,89746,0,0,115000,7478.83,9583.33
109,公立,一般大學,3002,臺北市立大學,323,60551000,60551000,0,0,0,187464.40,0
