,學年度,學校代碼,學校名稱,學雜費收入,%,推廣及產學收入,%,補助收入,%,受贈收入,%,利息收入,%,投資、基金及附屬機構收益,%,其他收入,%,合計,%
,101,1001,東海大學,1606414,61.87,345046,13.29,287463,11.07,72788,2.8,18132,0.7,84105,3.24,182332,7.02,2596281,100
,101,1002,輔仁大學,2373498,64.83,383680,10.48,471312,12.87,173380,4.74,62594,1.71,26,0,196586,5.37,3661075,100
,101,1003,東吳大學,1392876,67.43,212498,10.29,252718,12.23,62876,3.04,14265,0.69,10136,0.49,120265,5.82,2065634,100
,101,1004,中原大學,1547003,55.81,618290,22.31,374480,13.51,49388,1.78,14558,0.53,787,0.03,167446,6.04,2771952,100
,101,1005,淡江大學,2464701,69.91,416317,11.81,384039,10.89,60257,1.71,12528,0.36,-,-,187538,5.32,3525380,100
,101,1006,中國文化大學,2136496,59.64,783488,21.87,363571,10.15,23771,0.66,40589,1.13,30152,0.84,204322,5.7,3582388,100
,101,1007,逢甲大學,2022848,56.43,769983,21.48,539565,15.05,65729,1.83,6714,0.19,25876,0.72,153697,4.29,3584412,100
,101,1008,靜宜大學,1129193,65.43,184422,10.69,277394,16.07,5328,0.31,27628,1.6,277,0.02,101562,5.88,1725804,100
,101,1009,長庚大學,611355,18.43,1180953,35.61,342233,10.32,788382,23.77,59308,1.79,199446,6.01,134825,4.07,3316502,100
,101,1010,元智大學,941952,47.95,334704,17.04,264980,13.49,8781,0.45,9670,0.49,308468,15.7,95954,4.88,1964508,100
,101,1011,中華大學,751218,64.59,208798,17.95,119277,10.25,2991,0.26,6262,0.54,-,-,74583,6.41,1163129,100
,101,1012,大葉大學,940601,67.53,183540,13.18,181266,13.01,6759,0.49,11034,0.79,33,0,69671,5,1392904,100
,101,1013,華梵大學,327123,55.91,33232,5.68,148878,25.44,32400,5.54,9252,1.58,12784,2.18,21435,3.66,585104,100
,101,1014,義守大學,1495745,60.31,352862,14.23,206337,8.32,5965,0.24,2935,0.12,495,0.02,415749,16.76,2480088,100
,101,1015,世新大學,1196472,68.73,254341,14.61,181930,10.45,17214,0.99,3172,0.18,35902,2.06,51741,2.97,1740770,100
,101,1016,銘傳大學,1826206,71.3,247792,9.67,344178,13.44,11552,0.45,9962,0.39,391,0.02,121195,4.73,2561276,100
,101,1017,實踐大學,1259022,72.19,192836,11.06,170740,9.79,17418,1,3197,0.18,-,-,100750,5.78,1743964,100
,101,1018,朝陽科技大學,1513330,69.96,297193,13.74,217607,10.06,5123,0.24,18376,0.85,29103,1.35,82331,3.81,2163064,100
,101,1019,高雄醫學大學,773231,32.93,516358,21.99,277206,11.8,21163,0.9,1890,0.08,668818,28.48,89599,3.82,2348265,100
,101,1020,南華大學,402084,62.17,49175,7.6,136316,21.08,11468,1.77,2016,0.31,2100,0.32,43617,6.74,646777,100
,101,1021,真理大學,799153,79.58,45389,4.52,90174,8.98,4243,0.42,1460,0.15,38,0,63704,6.34,1004161,100
,101,1022,大同大學,492359,62.52,129407,16.43,103284,13.11,6868,0.87,912,0.12,-,-,54738,6.95,787567,100
,101,1023,南臺科技大學,1647905,69.29,233495,9.82,354711,14.92,2104,0.09,10688,0.45,-,-,129261,5.44,2378163,100
,101,1024,崑山科技大學,1089793,63.49,237050,13.81,255084,14.86,7750,0.45,3296,0.19,1105,0.06,122277,7.12,1716354,100
,101,1025,嘉南藥理大學,1520568,76.44,157723,7.93,169221,8.51,3438,0.17,5737,0.29,19,0,132561,6.66,1989265,100
,101,1026,樹德科技大學,1013304,71.96,59915,4.25,150896,10.72,5441,0.39,8515,0.6,1921,0.14,168113,11.94,1408104,100
,101,1027,慈濟大學,306566,21.25,496379,34.41,149239,10.35,375066,26,39985,2.77,15282,1.06,60011,4.16,1442527,100
,101,1028,臺北醫學大學,667289,23.83,752005,26.85,384243,13.72,117502,4.2,1259,0.04,778014,27.78,100206,3.58,2800518,100
,101,1029,中山醫學大學,823292,48.1,255116,14.9,145443,8.5,83143,4.86,1258,0.07,286723,16.75,116679,6.82,1711653,100
,101,1030,龍華科技大學,817069,70.7,92643,8.02,189885,16.43,1689,0.15,25447,2.2,-,-,28941,2.5,1155674,100
,101,1031,輔英科技大學,864950,74.72,80753,6.98,102891,8.89,1730,0.15,5570,0.48,22468,1.94,79291,6.85,1157653,100
,101,1032,明新科技大學,1101322,78.33,82764,5.89,156188,11.11,2376,0.17,5532,0.39,-,-,57847,4.11,1406029,100
,101,1033,長榮大學,902972,70.74,151988,11.91,116491,9.13,13214,1.04,2906,0.23,1475,0.12,87427,6.85,1276473,100
,101,1034,弘光科技大學,1044174,66.77,249071,15.93,188270,12.04,2561,0.16,5386,0.34,3493,0.22,70970,4.54,1563925,100
,101,1035,中國醫藥大學,881416,26.48,558867,16.79,314402,9.45,13522,0.41,1451,0.04,1484918,44.61,74184,2.23,3328760,100
,101,1036,健行科技大學,1111479,76.67,122482,8.45,123241,8.5,12707,0.88,15702,1.08,113,0.01,63881,4.41,1449605,100
,101,1037,正修科技大學,1381714,64.59,413269,19.32,260690,12.19,6044,0.28,6884,0.32,-,-,70489,3.3,2139091,100
,101,1038,萬能科技大學,817623,73.97,117026,10.59,117168,10.6,4124,0.37,5085,0.46,-,-,44294,4.01,1105320,100
,101,1039,玄奘大學,454144,69.26,60232,9.19,79162,12.07,4658,0.71,6350,0.97,780,0.12,50368,7.68,655693,100
,101,1040,建國科技大學,872364,77.12,83474,7.38,112099,9.91,4124,0.36,1932,0.17,-,-,57140,5.05,1131133,100
,101,1041,明志科技大學,373105,21.38,123873,7.1,178043,10.2,634242,36.34,24484,1.4,349819,20.05,61603,3.53,1745169,100
,101,1042,高苑科技大學,641021,69.97,73638,8.04,132551,14.47,2368,0.26,5544,0.61,422,0.05,60629,6.62,916173,100
,101,1043,大仁科技大學,744558,78.32,73822,7.77,74961,7.88,5118,0.54,3173,0.33,82,0.01,48977,5.15,950692,100
,101,1044,聖約翰科技大學,672834,74.92,47892,5.33,122854,13.68,11048,1.23,13828,1.54,-,-,29646,3.3,898102,100
,101,1045,嶺東科技大學,874914,79.11,54634,4.94,109622,9.91,4171,0.38,17944,1.62,-,-,44721,4.04,1106005,100
,101,1046,中國科技大學,1002167,75.57,125824,9.49,136640,10.3,2471,0.19,4033,0.3,926,0.07,54095,4.08,1326156,100
,101,1047,中臺科技大學,814531,74.44,87114,7.96,139904,12.79,157,0.01,2105,0.19,-,-,50464,4.61,1094275,100
,101,1048,亞洲大學,1151238,67.75,186104,10.95,192018,11.3,8272,0.49,8035,0.47,-,-,153585,9.04,1699252,100
,101,1049,開南大學,866333,76.68,91833,8.13,76978,6.81,12031,1.06,2819,0.25,-,-,79855,7.07,1129850,100
,101,1050,佛光大學,197251,26.79,42926,5.83,109125,14.82,349888,47.52,468,0.06,2448,0.33,34225,4.65,736331,100
,101,1051,台南應用科技大學,1187048,83.19,74811,5.24,104508,7.32,2516,0.18,9309,0.65,619,0.04,48119,3.37,1426930,100
,101,1052,遠東科技大學,889552,75.91,90499,7.72,142303,12.14,3139,0.27,1981,0.17,50,0,44282,3.78,1171805,100
,101,1053,元培醫事科技大學,719184,77.19,69016,7.41,94298,10.12,1630,0.17,5152,0.55,27,0,42434,4.55,931741,100
,101,1054,景文科技大學,664792,74.23,78193,8.73,107882,12.05,492,0.05,4920,0.55,205,0.02,39100,4.37,895585,100
,101,1055,中華醫事科技大學,754559,77.17,63115,6.45,88275,9.03,1054,0.11,1750,0.18,560,0.06,68467,7,977780,100
,101,1056,東南科技大學,666090,81.29,56571,6.9,64522,7.87,2420,0.3,5155,0.63,1468,0.18,23172,2.83,819398,100
,101,1057,德明財經科技大學,699100,71.24,78914,8.04,136910,13.95,1514,0.15,15916,1.62,23471,2.39,25490,2.6,981314,100
,101,1058,明道大學,478723,59.32,156608,19.41,88205,10.93,4746,0.59,1322,0.16,723,0.09,76646,9.5,806974,100
,101,1059,康寧大學,143344,57.62,11025,4.43,52355,21.05,25227,10.14,973,0.39,-,-,15845,6.37,248769,100
,101,1060,南開科技大學,562671,75.52,31220,4.19,110343,14.81,5927,0.8,5338,0.72,8,0,29593,3.97,745099,100
,101,1061,中華科技大學,780991,80.56,64033,6.61,89077,9.19,116,0.01,738,0.08,-,-,34462,3.55,969416,100
,101,1062,僑光科技大學,765078,82.08,47297,5.07,74540,8,6868,0.74,9116,0.98,-,-,29234,3.14,932133,100
,101,1063,育達科技大學,568416,71.21,77953,9.77,105095,13.17,2804,0.35,8090,1.01,716,0.09,35114,4.4,798188,100
,101,1064,美和科技大學,651622,73.1,122254,13.71,81866,9.18,6164,0.69,1241,0.14,1540,0.17,26713,3,891401,100
,101,1065,吳鳳科技大學,543242,76.6,48460,6.83,74501,10.5,2329,0.33,1648,0.23,-,-,39055,5.51,709234,100
,101,1066,環球科技大學,553003,71.81,40869,5.31,119838,15.56,2592,0.34,546,0.07,379,0.05,52871,6.87,770097,100
,101,1067,台灣首府大學,393995,71.44,17915,3.25,62223,11.28,1432,0.26,1647,0.3,30782,5.58,43527,7.89,551522,100
,101,1068,中州科技大學,476556,68.14,100781,14.41,83892,12,4185,0.6,2000,0.29,-,-,31937,4.57,699351,100
,101,1069,修平科技大學,644311,79.02,36042,4.42,92328,11.32,11450,1.4,1497,0.18,25,0,29704,3.64,815357,100
,101,1070,長庚科技大學,538509,34.83,113788,7.36,129857,8.4,315509,20.41,17084,1.1,318411,20.59,112985,7.31,1546144,100
,101,1071,臺北城市科技大學,834363,82.16,48607,4.79,89974,8.86,1049,0.1,7762,0.76,2379,0.23,31381,3.09,1015515,100
,101,1072,大華科技大學,358721,68.51,78844,15.06,65351,12.48,105,0.02,3283,0.63,-,-,17306,3.31,523610,100
,101,1073,醒吾科技大學,691313,79.93,72038,8.33,72910,8.43,821,0.09,985,0.11,-,-,26846,3.1,864914,100
,101,1074,南榮科技大學,224983,72.83,19831,6.42,45869,14.85,659,0.21,3371,1.09,45,0.01,14157,4.58,308914,100
,101,1075,文藻外語大學,743272,67.64,87845,7.99,202943,18.47,6103,0.56,5373,0.49,1273,0.12,52071,4.74,1098880,100
,101,1076,華夏科技大學,457253,76.32,29278,4.89,99232,16.56,1304,0.22,2801,0.47,-,-,9293,1.55,599161,100
,101,1125,中信金融管理學院,49988,46.11,22532,20.78,30121,27.78,1079,0.99,2590,2.39,-,-,2101,1.94,108410,100
,101,1148,大漢技術學院,163187,60.27,8999,3.32,36953,13.65,38623,14.26,2782,1.03,0,0,20224,7.47,270769,100
,101,1150,慈濟技術學院,182276,33.64,60339,11.14,83328,15.38,186675,34.45,2426,0.45,-,-,26762,4.94,541806,100
,101,1154,永達技術學院,109000,56.6,35773,18.58,35684,18.53,905,0.47,319,0.17,-,-,10893,5.66,192574,100
,101,1159,和春技術學院,302623,75,23971,5.94,52622,13.04,253,0.06,1206,0.3,411,0.1,22386,5.55,403472,100
,101,1164,致理技術學院,791890,78.54,63704,6.32,133673,13.26,1318,0.13,5704,0.57,10,0,12005,1.19,1008303,100
,101,1166,亞東技術學院,490914,50.74,42787,4.42,53994,5.58,1401,0.14,21589,2.23,326803,33.78,29988,3.1,967477,100
,101,1168,桃園創新技術學院,617957,74.65,80710,9.75,68146,8.23,315,0.04,1196,0.14,3,0,59520,7.19,827846,100
,101,1176,稻江科技暨管理學院,191039,61.92,44231,14.34,51390,16.66,2261,0.73,4308,1.4,-,-,15278,4.95,308507,100
,101,1179,德霖技術學院,609146,80.16,37162,4.89,70831,9.32,1110,0.15,18535,2.44,-,-,23093,3.04,759877,100
,101,1182,蘭陽技術學院,313758,76.59,16955,4.14,55260,13.49,145,0.04,1121,0.27,-,-,22423,5.47,409662,100
,101,1183,黎明技術學院,356538,82.08,20670,4.76,44953,10.35,853,0.2,890,0.2,-,-,10494,2.42,434398,100
,101,1184,東方設計學院,369792,72.01,36115,7.03,85255,16.6,3418,0.67,2523,0.49,-,-,16419,3.2,513521,100
,101,1185,經國管理暨健康學院,373009,82.19,14249,3.14,52071,11.47,11,0,5112,1.13,2028,0.45,7334,1.62,453813,100
,101,1187,崇右技術學院,321069,76.8,40754,9.75,45609,10.91,745,0.18,1896,0.45,28,0.01,7985,1.91,418086,100
,101,1188,大同技術學院,266512,76.46,13914,3.99,53755,15.42,729,0.21,1431,0.41,-,-,12214,3.5,348555,100
,101,1189,亞太創意技術學院,250940,66.38,51191,13.54,57077,15.1,226,0.06,332,0.09,195,0.05,18077,4.78,378039,100
,101,1192,臺灣觀光學院,187183,74.61,8221,3.28,38198,15.23,865,0.34,1482,0.59,-,-,14926,5.95,250876,100
,101,1195,馬偕醫學院,36378,10.29,20045,5.67,22254,6.29,250140,70.75,5168,1.46,5147,1.46,14436,4.08,353568,100
,101,1196,法鼓文理學院,8207,10.29,7852,9.84,6309,7.91,51129,64.09,2757,3.46,-,-,3525,4.42,79780,100
,101,1197,台北海洋技術學院,551614,83.04,22880,3.44,53911,8.12,2392,0.36,2156,0.32,19,0,31285,4.71,664257,100
,101,1281,康寧醫護暨管理專科學校,190272,65.08,14926,5.11,51841,17.73,546,0.19,3424,1.17,-,-,31359,10.73,292367,100
,101,1282,馬偕醫護管理專科學校,221332,52.28,13004,3.07,65239,15.41,65686,15.52,4413,1.04,29,0.01,53654,12.67,423359,100
,101,1283,仁德醫護管理專科學校,395440,73.88,26908,5.03,60544,11.31,816,0.15,1704,0.32,-,-,49814,9.31,535226,100
,101,1284,樹人醫護管理專科學校,407570,79.32,4146,0.81,56353,10.97,294,0.06,2952,0.57,-,-,42495,8.27,513810,100
,101,1285,慈惠醫護管理專科學校,360557,70.04,17954,3.49,99684,19.36,1874,0.36,925,0.18,-,-,33772,6.56,514767,100
,101,1286,耕莘健康管理專科學校,296158,64.53,12935,2.82,67478,14.7,1171,0.26,1451,0.32,3724,0.81,76049,16.57,458966,100
,101,1287,敏惠醫護管理專科學校,240633,52.69,5373,1.18,172293,37.72,832,0.18,1231,0.27,-,-,36354,7.96,456716,100
,101,1288,高美醫護管理專科學校,56471,63.97,392,0.44,19860,22.5,323,0.37,50,0.06,-,-,11184,12.67,88280,100
,101,1289,育英醫護管理專科學校,127171,70.55,2316,1.28,42367,23.5,1225,0.68,1917,1.06,3,0,5267,2.92,180265,100
,101,1290,崇仁醫護管理專科學校,193393,73.95,326,0.12,40886,15.63,4689,1.79,1405,0.54,-,-,20836,7.97,261534,100
,101,1291,聖母醫護管理專科學校,239713,72.61,8655,2.62,54530,16.52,6035,1.83,2040,0.62,-,-,19161,5.8,330134,100
,101,1292,新生醫護管理專科學校,333204,66.92,13458,2.7,70449,14.15,464,0.09,430,0.09,-,-,79929,16.05,497933,100
,101,1R02,基督教台灣浸會神學院,2262,8.45,926,3.46,313,1.17,22404,83.71,709,2.65,-,-,148,0.55,26763,100
,101,1R03,臺北基督學院,5643,8.89,20279,31.94,500,0.79,27538,43.38,306,0.48,-,-,9219,14.52,63485,100
,102,1001,東海大學,1616400,62.04,352374,13.52,246167,9.45,97903,3.76,18810,0.72,98122,3.77,175723,6.74,2605500,100
,102,1002,輔仁大學,2399681,65.91,388317,10.67,394545,10.84,195181,5.36,58192,1.6,-,-,204743,5.62,3640659,100
,102,1003,東吳大學,1376993,67.18,236006,11.51,220192,10.74,71416,3.48,15447,0.75,9340,0.46,120418,5.87,2049812,100
,102,1004,中原大學,1549787,55.76,577113,20.76,382351,13.76,57710,2.08,13456,0.48,2407,0.09,196573,7.07,2779398,100
,102,1005,淡江大學,2454094,66.07,588316,15.84,400436,10.78,84478,2.27,6910,0.19,-,-,180367,4.86,3714600,100
,102,1006,中國文化大學,2143611,58.4,849788,23.15,354782,9.67,37422,1.02,37492,1.02,27737,0.76,219463,5.98,3670294,100
,102,1007,逢甲大學,2032515,57.4,824748,23.29,430754,12.17,59377,1.68,7082,0.2,36876,1.04,149483,4.22,3540836,100
,102,1008,靜宜大學,1124706,64.78,188554,10.86,283953,16.36,5206,0.3,26521,1.53,364,0.02,106879,6.16,1736184,100
,102,1009,長庚大學,605745,16.66,1355337,37.28,270897,7.45,46735,1.29,54111,1.49,1123682,30.91,179256,4.93,3635763,100
,102,1010,元智大學,920874,47.29,330900,16.99,228693,11.74,6589,0.34,1427,0.07,342926,17.61,115811,5.95,1947220,100
,102,1011,中華大學,757154,63.87,216583,18.27,122547,10.34,3901,0.33,9567,0.81,-,-,75755,6.39,1185508,100
,102,1012,大葉大學,1011252,65.37,225002,14.55,209747,13.56,9641,0.62,9552,0.62,211,0.01,81470,5.27,1546874,100
,102,1013,華梵大學,318124,57.45,30894,5.58,152350,27.51,6116,1.1,8033,1.45,13209,2.39,24991,4.51,553715,100
,102,1014,義守大學,1533831,60.54,349487,13.8,234753,9.27,6974,0.28,837,0.03,495,0.02,407053,16.07,2533430,100
,102,1015,世新大學,1198154,65.59,294136,16.1,199514,10.92,19985,1.09,4419,0.24,55125,3.02,55384,3.03,1826716,100
,102,1016,銘傳大學,1845993,72.55,267547,10.52,299014,11.75,9580,0.38,8731,0.34,350,0.01,113128,4.45,2544342,100
,102,1017,實踐大學,1253061,68.19,227978,12.41,214757,11.69,17129,0.93,4149,0.23,-,-,120543,6.56,1837618,100
,102,1018,朝陽科技大學,1551580,69.77,305710,13.75,190292,8.56,5216,0.23,16749,0.75,55708,2.5,98615,4.43,2223869,100
,102,1019,高雄醫學大學,780578,34.77,385857,17.19,199585,8.89,15828,0.71,2232,0.1,757897,33.76,102996,4.59,2244972,100
,102,1020,南華大學,408797,53.03,45296,5.88,173824,22.55,86016,11.16,622,0.08,1962,0.25,54339,7.05,770857,100
,102,1021,真理大學,790119,78.78,44728,4.46,99139,9.88,6448,0.64,476,0.05,40,0,61996,6.18,1002947,100
,102,1022,大同大學,478720,60.05,130254,16.34,115090,14.44,10408,1.31,888,0.11,-,-,61779,7.75,797138,100
,102,1023,南臺科技大學,1611621,64.83,254094,10.22,472293,19,7895,0.32,11796,0.47,-,-,128045,5.15,2485743,100
,102,1024,崑山科技大學,1066785,60.42,223814,12.68,327232,18.53,8502,0.48,2297,0.13,1549,0.09,135337,7.67,1765515,100
,102,1025,嘉南藥理大學,1521798,75.12,192697,9.51,165226,8.16,3367,0.17,2899,0.14,277,0.01,139475,6.89,2025738,100
,102,1026,樹德科技大學,1000784,70.81,65464,4.63,153716,10.88,5059,0.36,7432,0.53,2033,0.14,178760,12.65,1413248,100
,102,1027,慈濟大學,311214,22.34,374436,26.88,189332,13.59,394153,28.3,40783,2.93,21807,1.57,61216,4.39,1392941,100
,102,1028,臺北醫學大學,661414,20.09,814023,24.73,334725,10.17,196350,5.97,1134,0.03,1178925,35.82,104892,3.19,3291464,100
,102,1029,中山醫學大學,816852,46.86,235657,13.52,134315,7.71,64812,3.72,294,0.02,366949,21.05,124125,7.12,1743004,100
,102,1030,龍華科技大學,833725,68.46,101049,8.3,204052,16.76,485,0.04,27077,2.22,-,-,51379,4.22,1217767,100
,102,1031,輔英科技大學,850502,73.42,51487,4.44,89761,7.75,742,0.06,4118,0.36,68577,5.92,93233,8.05,1158420,100
,102,1032,明新科技大學,1098775,78.67,70932,5.08,156907,11.23,2818,0.2,6122,0.44,-,-,61159,4.38,1396713,100
,102,1033,長榮大學,915742,71.9,151264,11.88,90389,7.1,17098,1.34,3480,0.27,1377,0.11,94203,7.4,1273555,100
,102,1034,弘光科技大學,1053194,64.56,287177,17.6,186979,11.46,3263,0.2,5950,0.36,7697,0.47,87144,5.34,1631405,100
,102,1035,中國醫藥大學,863986,23.24,563724,15.16,267790,7.2,18750,0.5,1268,0.03,1930048,51.91,72555,1.95,3718119,100
,102,1036,健行科技大學,1072378,76.13,131158,9.31,132014,9.37,915,0.06,16368,1.16,115,0.01,55616,3.95,1408564,100
,102,1037,正修科技大學,1417703,64.32,428252,19.43,274761,12.47,5989,0.27,7368,0.33,-,-,69953,3.17,2204026,100
,102,1038,萬能科技大學,881492,75.59,121180,10.39,115975,9.94,4660,0.4,6537,0.56,-,-,36349,3.12,1166193,100
,102,1039,玄奘大學,464856,70,46071,6.94,84363,12.7,10128,1.53,5521,0.83,497,0.07,52669,7.93,664105,100
,102,1040,建國科技大學,890721,76.26,76888,6.58,135932,11.64,2283,0.2,726,0.06,-,-,61410,5.26,1167960,100
,102,1041,明志科技大學,390403,24.98,138189,8.84,201706,12.91,6207,0.4,24035,1.54,737296,47.18,64774,4.15,1562611,100
,102,1042,高苑科技大學,648300,69.04,78998,8.41,157988,16.82,479,0.05,4073,0.43,351,0.04,48822,5.2,939010,100
,102,1043,大仁科技大學,707945,70.17,82222,8.15,165654,16.42,3064,0.3,4030,0.4,70,0.01,45953,4.55,1008939,100
,102,1044,聖約翰科技大學,609929,71.13,39466,4.6,163002,19.01,7649,0.89,12511,1.46,-,-,24966,2.91,857524,100
,102,1045,嶺東科技大學,908380,79.61,68529,6.01,99480,8.72,3493,0.31,19155,1.68,-,-,42024,3.68,1141062,100
,102,1046,中國科技大學,1023026,79.91,77833,6.08,118808,9.28,1707,0.13,5755,0.45,1172,0.09,51910,4.05,1280211,100
,102,1047,中臺科技大學,784671,73.08,99282,9.25,137739,12.83,650,0.06,1453,0.14,-,-,49985,4.66,1073779,100
,102,1048,亞洲大學,1158372,65.95,220931,12.58,206905,11.78,18080,1.03,9782,0.56,-,-,142256,8.1,1756327,100
,102,1049,開南大學,854983,76.38,82468,7.37,52857,4.72,11610,1.04,1476,0.13,-,-,116057,10.37,1119452,100
,102,1050,佛光大學,198592,30.02,39092,5.91,78839,11.92,296433,44.81,924,0.14,2372,0.36,45226,6.84,661478,100
,102,1051,台南應用科技大學,1169304,81.4,76702,5.34,122665,8.54,1400,0.1,14190,0.99,1123,0.08,51051,3.55,1436434,100
,102,1052,遠東科技大學,874458,72.05,87059,7.17,193973,15.98,4578,0.38,277,0.02,71,0.01,53291,4.39,1213707,100
,102,1053,元培醫事科技大學,681466,75.8,72870,8.11,99042,11.02,1206,0.13,4250,0.47,25,0,40172,4.47,899031,100
,102,1054,景文科技大學,648222,73.67,82186,9.34,105106,11.94,182,0.02,5201,0.59,259,0.03,38767,4.41,879923,100
,102,1055,中華醫事科技大學,740589,76.94,63213,6.57,91682,9.53,620,0.06,548,0.06,845,0.09,65041,6.76,962537,100
,102,1056,東南科技大學,676470,80.06,62686,7.42,72262,8.55,1281,0.15,4158,0.49,1501,0.18,26557,3.14,844914,100
,102,1057,德明財經科技大學,729033,70.2,85929,8.27,158735,15.29,3466,0.33,19254,1.85,15728,1.51,26293,2.53,1038438,100
,102,1058,明道大學,477492,62.09,125118,16.27,86875,11.3,5179,0.67,932,0.12,409,0.05,72982,9.49,768987,100
,102,1059,康寧大學,146261,61.43,14021,5.89,41227,17.32,16168,6.79,832,0.35,-,-,19566,8.22,238076,100
,102,1060,南開科技大學,553998,74.92,34399,4.65,116292,15.73,2805,0.38,4495,0.61,11,0,27442,3.71,739442,100
,102,1061,中華科技大學,781483,77.63,78751,7.82,101994,10.13,797,0.08,733,0.07,-,-,42861,4.26,1006620,100
,102,1062,僑光科技大學,805751,81.3,46102,4.65,88609,8.94,11915,1.2,10414,1.05,-,-,28268,2.85,991060,100
,102,1063,育達科技大學,517407,69.46,70514,9.47,89794,12.05,7591,1.02,8259,1.11,701,0.09,50646,6.8,744913,100
,102,1064,美和科技大學,651333,72.43,104601,11.63,109354,12.16,3285,0.37,874,0.1,3387,0.38,26372,2.93,899206,100
,102,1065,吳鳳科技大學,540548,77.11,33069,4.72,83068,11.85,4075,0.58,706,0.1,-,-,39585,5.65,701051,100
,102,1066,環球科技大學,508181,71.33,41671,5.85,110401,15.5,2730,0.38,436,0.06,270,0.04,48704,6.84,712393,100
,102,1067,台灣首府大學,351734,70.93,11078,2.23,64066,12.92,1383,0.28,899,0.18,27157,5.48,39543,7.97,495861,100
,102,1068,中州科技大學,429515,65.96,111954,17.19,78817,12.1,1236,0.19,1269,0.19,-,-,28427,4.37,651218,100
,102,1069,修平科技大學,645486,78.29,36102,4.38,110729,13.43,3425,0.42,801,0.1,29,0,27925,3.39,824497,100
,102,1070,長庚科技大學,529935,35.06,168374,11.14,121410,8.03,13299,0.88,17338,1.15,550923,36.45,110326,7.3,1511606,100
,102,1071,臺北城市科技大學,869777,83.93,47498,4.58,77245,7.45,2102,0.2,10311,0.99,2375,0.23,27045,2.61,1036354,100
,102,1072,大華科技大學,325327,65.01,90653,18.12,65361,13.06,382,0.08,2347,0.47,63,0.01,16299,3.26,500432,100
,102,1073,醒吾科技大學,701676,79.56,75550,8.57,79933,9.06,1311,0.15,1219,0.14,-,-,22222,2.52,881911,100
,102,1074,南榮科技大學,228774,67.47,21947,6.47,70879,20.9,246,0.07,2255,0.66,45,0.01,14937,4.41,339083,100
,102,1075,文藻外語大學,746526,69.29,88741,8.24,177293,16.46,7135,0.66,6548,0.61,1533,0.14,49548,4.6,1077325,100
,102,1076,華夏科技大學,444807,79.62,26717,4.78,76856,13.76,565,0.1,2030,0.36,-,-,7695,1.38,558670,100
,102,1125,中信金融管理學院,73888,73.98,1659,1.66,19431,19.45,952,0.95,2140,2.14,-,-,1807,1.81,99876,100
,102,1148,大漢技術學院,145160,48.52,15632,5.22,49185,16.44,64606,21.59,3428,1.15,0,0,21183,7.08,299193,100
,102,1150,慈濟技術學院,189048,32.49,65684,11.29,106985,18.38,190961,32.82,920,0.16,1502,0.26,26825,4.61,581926,100
,102,1154,永達技術學院,67388,48.14,33584,23.99,29833,21.31,1612,1.15,149,0.11,-,-,7408,5.29,139974,100
,102,1159,和春技術學院,263829,69.02,22447,5.87,74347,19.45,1728,0.45,1297,0.34,409,0.11,18188,4.76,382244,100
,102,1164,致理技術學院,837151,80.91,49188,4.75,128631,12.43,1614,0.16,5061,0.49,10,0,13057,1.26,1034713,100
,102,1166,亞東技術學院,498693,51.14,43432,4.45,48793,5,1358,0.14,20670,2.12,334010,34.25,28271,2.9,975228,100
,102,1168,桃園創新技術學院,587084,77.1,64284,8.44,81258,10.67,374,0.05,1025,0.13,2,0,27469,3.61,761497,100
,102,1176,稻江科技暨管理學院,208365,67.47,38568,12.49,39786,12.88,2132,0.69,3216,1.04,-,-,16771,5.43,308838,100
,102,1179,德霖技術學院,581622,79.45,35016,4.78,74028,10.11,1727,0.24,18608,2.54,-,-,21058,2.88,732059,100
,102,1182,蘭陽技術學院,236659,71.97,9518,2.89,63630,19.35,244,0.07,266,0.08,-,-,18533,5.64,328850,100
,102,1183,黎明技術學院,359087,79.61,16233,3.6,63172,14.01,331,0.07,236,0.05,0,0,11989,2.66,451047,100
,102,1184,東方設計學院,363630,72.19,41708,8.28,79186,15.72,757,0.15,1737,0.34,-,-,16713,3.32,503731,100
,102,1185,經國管理暨健康學院,347000,77.55,12112,2.71,70320,15.72,686,0.15,3587,0.8,1957,0.44,11785,2.63,447447,100
,102,1187,崇右技術學院,322509,76.03,40558,9.56,49078,11.57,588,0.14,1857,0.44,28,0.01,9544,2.25,424161,100
,102,1188,大同技術學院,242361,73.91,11564,3.53,56645,17.28,834,0.25,904,0.28,-,-,15591,4.75,327898,100
,102,1189,亞太創意技術學院,220470,64.38,41713,12.18,63025,18.4,1521,0.44,48,0.01,219,0.06,15460,4.51,342456,100
,102,1192,臺灣觀光學院,159231,67.69,9798,4.17,47836,20.33,1079,0.46,946,0.4,-,-,16356,6.95,235245,100
,102,1195,馬偕醫學院,46351,8,33586,5.8,30299,5.23,440038,75.94,5553,0.96,6893,1.19,16707,2.88,579427,100
,102,1196,法鼓文理學院,7938,7.61,11710,11.23,1459,1.4,76976,73.81,2850,2.73,-,-,3359,3.22,104291,100
,102,1197,台北海洋技術學院,554651,80.53,24243,3.52,72820,10.57,3080,0.45,1911,0.28,37,0.01,31984,4.64,688726,100
,102,1281,康寧醫護暨管理專科學校,192882,62.66,14155,4.6,59026,19.17,972,0.32,3253,1.06,-,-,37542,12.2,307829,100
,102,1282,馬偕醫護管理專科學校,235288,51.98,35070,7.75,76405,16.88,43587,9.63,5331,1.18,55,0.01,56933,12.58,452670,100
,102,1283,仁德醫護管理專科學校,399246,73.46,20978,3.86,71698,13.19,395,0.07,3309,0.61,-,-,47864,8.81,543490,100
,102,1284,樹人醫護管理專科學校,436025,78.98,4178,0.76,65625,11.89,103,0.02,3601,0.65,-,-,42514,7.7,552045,100
,102,1285,慈惠醫護管理專科學校,378411,70.84,19917,3.73,94440,17.68,2002,0.37,740,0.14,-,-,38637,7.23,534148,100
,102,1286,耕莘健康管理專科學校,307045,65.61,17261,3.69,66182,14.14,427,0.09,1872,0.4,3894,0.83,71338,15.24,468019,100
,102,1287,敏惠醫護管理專科學校,251117,54.31,3917,0.85,168483,36.44,1093,0.24,1030,0.22,-,-,36766,7.95,462407,100
,102,1288,高美醫護管理專科學校,56297,59.62,1325,1.4,26204,27.75,1385,1.47,31,0.03,-,-,9181,9.72,94422,100
,102,1289,育英醫護管理專科學校,128877,71.66,2223,1.24,40501,22.52,1203,0.67,2141,1.19,4,0,4903,2.73,179852,100
,102,1290,崇仁醫護管理專科學校,205626,73.66,1100,0.39,49320,17.67,1065,0.38,1361,0.49,-,-,20669,7.4,279141,100
,102,1291,聖母醫護管理專科學校,246665,69.6,9008,2.54,64808,18.29,8372,2.36,2883,0.81,-,-,22671,6.4,354407,100
,102,1292,新生醫護管理專科學校,358999,75.89,12928,2.73,61761,13.06,3200,0.68,411,0.09,-,-,35777,7.56,473076,100
,102,1R02,基督教台灣浸會神學院,2686,10.53,490,1.92,184,0.72,21321,83.56,709,2.78,-,-,126,0.49,25516,100
,102,1R03,臺北基督學院,9758,17.5,20727,37.18,590,1.06,14024,25.16,286,0.51,-,-,10359,18.58,55744,100
,103,1001,東海大學,1625377,60.12,380920,14.09,282035,10.43,90664,3.35,18314,0.68,119085,4.4,187181,6.92,2703576,100
,103,1002,輔仁大學,2415148,63.78,384215,10.15,464103,12.26,229074,6.05,59242,1.56,10,0,235006,6.21,3786798,100
,103,1003,東吳大學,1382366,65.67,255773,12.15,217081,10.31,88182,4.19,14736,0.7,7770,0.37,139187,6.61,2105095,100
,103,1004,中原大學,1560537,55.37,574890,20.4,363689,12.9,63330,2.25,14928,0.53,2755,0.1,238216,8.45,2818344,100
,103,1005,淡江大學,2426119,66.26,526206,14.37,402486,10.99,107727,2.94,8049,0.22,-,-,190758,5.21,3661346,100
,103,1006,中國文化大學,2156689,58.35,923577,24.99,329703,8.92,31051,0.84,35596,0.96,27676,0.75,191704,5.19,3695995,100
,103,1007,逢甲大學,2043822,55.83,822581,22.47,460866,12.59,87973,2.4,8652,0.24,74826,2.04,162104,4.43,3660824,100
,103,1008,靜宜大學,1121357,64.24,191831,10.99,287871,16.49,8423,0.48,25421,1.46,276,0.02,110392,6.32,1745572,100
,103,1009,長庚大學,605588,15.89,1562764,41.01,376079,9.87,110753,2.91,53359,1.4,956991,25.11,145362,3.81,3810896,100
,103,1010,元智大學,914780,46.86,321621,16.48,250218,12.82,22827,1.17,3101,0.16,344308,17.64,95142,4.87,1951998,100
,103,1011,中華大學,768636,62.41,230937,18.75,133601,10.85,7043,0.57,8876,0.72,-,-,82537,6.7,1231629,100
,103,1012,大葉大學,1092743,65.11,236128,14.07,235484,14.03,8939,0.53,11556,0.69,312,0.02,93198,5.55,1678360,100
,103,1013,華梵大學,305097,59.51,29635,5.78,115779,22.58,14576,2.84,7416,1.45,13721,2.68,26460,5.16,512683,100
,103,1014,義守大學,1573105,59.83,380753,14.48,258545,9.83,6080,0.23,2604,0.1,495,0.02,407891,15.51,2629473,100
,103,1015,世新大學,1208584,64.7,314567,16.84,187537,10.04,15118,0.81,6369,0.34,92150,4.93,43670,2.34,1867995,100
,103,1016,銘傳大學,1864244,70.24,306165,11.53,326165,12.29,14781,0.56,11251,0.42,289,0.01,131375,4.95,2654270,100
,103,1017,實踐大學,1253696,68.39,214140,11.68,219171,11.96,12479,0.68,4379,0.24,-,-,129219,7.05,1833084,100
,103,1018,朝陽科技大學,1561462,68.76,316315,13.93,185183,8.16,5714,0.25,22329,0.98,60569,2.67,119158,5.25,2270728,100
,103,1019,高雄醫學大學,781836,30.52,467217,18.24,289955,11.32,26239,1.02,3106,0.12,828750,32.35,164603,6.43,2561706,100
,103,1020,南華大學,466815,51.34,51082,5.62,112916,12.42,214085,23.54,1408,0.15,1967,0.22,61014,6.71,909288,100
,103,1021,真理大學,786807,78.16,53727,5.34,101361,10.07,3278,0.33,1115,0.11,41,0,60391,6,1006720,100
,103,1022,大同大學,460025,58.1,133854,16.91,118708,14.99,11261,1.42,899,0.11,-,-,66981,8.46,791728,100
,103,1023,南臺科技大學,1651190,65.94,294717,11.77,402963,16.09,5864,0.23,12012,0.48,62,0,137301,5.48,2504109,100
,103,1024,崑山科技大學,1082975,60.35,229241,12.77,328061,18.28,13331,0.74,1431,0.08,747,0.04,138823,7.74,1794609,100
,103,1025,嘉南藥理大學,1532514,73.54,201301,9.66,193708,9.3,5511,0.26,3731,0.18,1212,0.06,145828,7,2083805,100
,103,1026,樹德科技大學,1001435,69.96,69828,4.88,130195,9.1,2771,0.19,8955,0.63,6264,0.44,211910,14.8,1431358,100
,103,1027,慈濟大學,308760,22,362977,25.86,163925,11.68,421900,30.06,41385,2.95,46809,3.33,57938,4.13,1403693,100
,103,1028,臺北醫學大學,644280,18.51,952349,27.37,412199,11.84,219895,6.32,1425,0.04,1132790,32.55,117224,3.37,3480161,100
,103,1029,中山醫學大學,816591,46.26,274370,15.54,121537,6.89,17008,0.96,1302,0.07,386514,21.9,147838,8.38,1765159,100
,103,1030,龍華科技大學,857048,67.91,106769,8.46,201484,15.97,3624,0.29,31463,2.49,-,-,61639,4.88,1262028,100
,103,1031,輔英科技大學,837785,67.58,121838,9.83,144332,11.64,1256,0.1,5128,0.41,38736,3.12,90659,7.31,1239734,100
,103,1032,明新科技大學,1098218,78.08,81583,5.8,153601,10.92,4680,0.33,6025,0.43,-,-,62481,4.44,1406587,100
,103,1033,長榮大學,946725,71.65,136397,10.32,125085,9.47,16411,1.24,6262,0.47,1417,0.11,88985,6.73,1321281,100
,103,1034,弘光科技大學,1055951,65.2,269702,16.65,182221,11.25,1347,0.08,9602,0.59,6633,0.41,94060,5.81,1619516,100
,103,1035,中國醫藥大學,865411,22.46,516794,13.41,302380,7.85,18783,0.49,2225,0.06,2076723,53.9,70402,1.83,3852718,100
,103,1036,健行科技大學,1057463,75.03,141879,10.07,139362,9.89,978,0.07,15164,1.08,118,0.01,54488,3.87,1409451,100
,103,1037,正修科技大學,1452226,63.57,414726,18.15,322386,14.11,6250,0.27,8148,0.36,-,-,80643,3.53,2284379,100
,103,1038,萬能科技大學,915991,74.73,135794,11.08,126902,10.35,2925,0.24,6683,0.55,-,-,37393,3.05,1225687,100
,103,1039,玄奘大學,482660,70.66,48321,7.07,76505,11.2,15372,2.25,6663,0.98,441,0.06,53100,7.77,683061,100
,103,1040,建國科技大學,863287,73.78,87779,7.5,141441,12.09,1597,0.14,1763,0.15,-,-,74240,6.34,1170107,100
,103,1041,明志科技大學,398028,27.78,136234,9.51,153633,10.72,33002,2.3,30471,2.13,617950,43.12,63660,4.44,1432978,100
,103,1042,高苑科技大學,654722,66.87,96092,9.81,160573,16.4,4034,0.41,5398,0.55,405,0.04,57821,5.91,979044,100
,103,1043,大仁科技大學,655937,68.67,105242,11.02,134073,14.04,4596,0.48,4197,0.44,70,0.01,51064,5.35,955179,100
,103,1044,聖約翰科技大學,548167,74.43,36348,4.94,95128,12.92,22047,2.99,12077,1.64,3,0,22684,3.08,736453,100
,103,1045,嶺東科技大學,916330,80.36,57797,5.07,97749,8.57,2812,0.25,21890,1.92,0,0,43656,3.83,1140233,100
,103,1046,中國科技大學,1059217,78.49,88075,6.53,135868,10.07,1574,0.12,5336,0.4,1161,0.09,58226,4.31,1349456,100
,103,1047,中臺科技大學,782893,74.22,87542,8.3,130263,12.35,1632,0.15,2670,0.25,-,-,49807,4.72,1054807,100
,103,1048,亞洲大學,1170672,63.58,220302,11.97,238287,12.94,42979,2.33,9068,0.49,-,-,159892,8.68,1841200,100
,103,1049,開南大學,848231,78.71,68249,6.33,69089,6.41,5482,0.51,3812,0.35,-,-,82766,7.68,1077628,100
,103,1050,佛光大學,235063,33.83,52926,7.62,87332,12.57,266553,38.36,938,0.14,2340,0.34,49633,7.14,694785,100
,103,1051,台南應用科技大學,1157993,81.64,77137,5.44,111854,7.89,2335,0.16,15169,1.07,995,0.07,53008,3.74,1418492,100
,103,1052,遠東科技大學,821860,69.93,89979,7.66,203126,17.28,5033,0.43,1594,0.14,110,0.01,53606,4.56,1175309,100
,103,1053,元培醫事科技大學,666899,73.92,76267,8.45,102989,11.42,6191,0.69,6054,0.67,24,0,43789,4.85,902215,100
,103,1054,景文科技大學,632700,68.3,107200,11.57,114118,12.32,50,0.01,6420,0.69,388,0.04,65417,7.06,926294,100
,103,1055,中華醫事科技大學,752984,77.35,51812,5.32,96839,9.95,2749,0.28,1337,0.14,771,0.08,67022,6.88,973514,100
,103,1056,東南科技大學,675281,75.66,63773,7.14,112577,12.61,2808,0.31,5366,0.6,1501,0.17,31259,3.5,892565,100
,103,1057,德明財經科技大學,745918,70.81,79595,7.56,151948,14.42,2834,0.27,20275,1.92,24185,2.3,28707,2.73,1053463,100
,103,1058,明道大學,482430,59.53,174601,21.54,72747,8.98,6755,0.83,1321,0.16,296,0.04,72280,8.92,810430,100
,103,1059,康寧大學,158506,68.78,11251,4.88,36384,15.79,484,0.21,938,0.41,-,-,22875,9.93,230438,100
,103,1060,南開科技大學,542593,71.68,34586,4.57,142003,18.76,2126,0.28,8173,1.08,12,0,27510,3.63,757002,100
,103,1061,中華科技大學,757130,79.47,46163,4.85,107610,11.3,1411,0.15,733,0.08,-,-,39627,4.16,952674,100
,103,1062,僑光科技大學,833219,81.14,52544,5.12,95814,9.33,2261,0.22,14102,1.37,-,-,28988,2.82,1026928,100
,103,1063,育達科技大學,465109,69.77,66306,9.95,86447,12.97,2726,0.41,9306,1.4,732,0.11,36017,5.4,666643,100
,103,1064,美和科技大學,665152,74.9,103685,11.68,83767,9.43,5341,0.6,1424,0.16,3612,0.41,25080,2.82,888061,100
,103,1065,吳鳳科技大學,536068,74.02,31779,4.39,108412,14.97,5919,0.82,1267,0.17,-,-,40753,5.63,724199,100
,103,1066,環球科技大學,501630,69.81,38773,5.4,108723,15.13,4027,0.56,178,0.02,1030,0.14,64163,8.93,718524,100
,103,1067,台灣首府大學,348993,67.68,19791,3.84,70623,13.7,654,0.13,1967,0.38,31359,6.08,42289,8.2,515677,100
,103,1068,中州科技大學,382717,64.5,88610,14.93,93260,15.72,994,0.17,1863,0.31,-,-,25944,4.37,593388,100
,103,1069,修平科技大學,641590,78.24,30196,3.68,111119,13.55,5102,0.62,2319,0.28,27,0,29687,3.62,820040,100
,103,1070,長庚科技大學,530580,38.49,159368,11.56,122867,8.91,445,0.03,20121,1.46,431556,31.31,113466,8.23,1378402,100
,103,1071,臺北城市科技大學,855242,79.6,49641,4.62,121979,11.35,959,0.09,14112,1.31,2267,0.21,30181,2.81,1074382,100
,103,1072,大華科技大學,296920,60.63,97476,19.9,77065,15.74,988,0.2,1112,0.23,4,0,16198,3.31,489763,100
,103,1073,醒吾科技大學,732304,80.08,64834,7.09,88642,9.69,1571,0.17,1607,0.18,-,-,25562,2.8,914520,100
,103,1074,南榮科技大學,254938,72.94,17267,4.94,57004,16.31,2126,0.61,2257,0.65,45,0.01,15884,4.54,349521,100
,103,1075,文藻外語大學,758598,69.21,88207,8.05,180096,16.43,6093,0.56,7220,0.66,1024,0.09,54828,5,1096066,100
,103,1076,華夏科技大學,440778,76.1,32341,5.58,95666,16.52,821,0.14,2383,0.41,-,-,7240,1.25,579228,100
,103,1125,中信金融管理學院,22238,18.45,291,0.24,15543,12.89,80196,66.52,1518,1.26,-,-,772,0.64,120557,100
,103,1148,大漢技術學院,132497,50.68,8643,3.31,45054,17.23,51355,19.64,4046,1.55,0,0,19822,7.58,261417,100
,103,1150,慈濟技術學院,202302,33.62,67329,11.19,99140,16.48,202909,33.72,976,0.16,1459,0.24,27588,4.59,601704,100
,103,1159,和春技術學院,247849,72.31,24540,7.16,48127,14.04,1597,0.47,2017,0.59,378,0.11,18269,5.33,342777,100
,103,1164,致理技術學院,861435,80.37,56418,5.26,119231,11.12,4052,0.38,5964,0.56,11,0,24706,2.31,1071817,100
,103,1166,亞東技術學院,480718,16.89,36308,1.28,48607,1.71,1418,0.05,27165,0.95,318166,11.18,1933157,67.94,2845538,100
,103,1168,桃園創新技術學院,525361,76.28,61799,8.97,73630,10.69,1464,0.21,990,0.14,2,0,25493,3.7,688740,100
,103,1176,稻江科技暨管理學院,217910,69.85,21323,6.83,52010,16.67,1251,0.4,2355,0.76,-,-,17119,5.49,311968,100
,103,1179,德霖技術學院,564834,76.64,39702,5.39,94622,12.84,1120,0.15,18896,2.56,-,-,17802,2.42,736976,100
,103,1182,蘭陽技術學院,179074,48.03,10852,2.91,62460,16.75,104416,28.01,436,0.12,-,-,15601,4.18,372839,100
,103,1183,黎明技術學院,363509,77.73,18697,4,71103,15.2,486,0.1,498,0.11,3,0,13351,2.85,467647,100
,103,1184,東方設計學院,361443,72.43,45515,9.12,73006,14.63,959,0.19,2197,0.44,-,-,15872,3.18,498991,100
,103,1185,經國管理暨健康學院,347425,77.77,12484,2.79,64819,14.51,17,0,3788,0.85,4694,1.05,13498,3.02,446724,100
,103,1187,崇右技術學院,317413,76.3,41331,9.93,45179,10.86,1317,0.32,2396,0.58,28,0.01,8356,2.01,416019,100
,103,1188,大同技術學院,213952,74.58,11328,3.95,45906,16,611,0.21,1188,0.41,-,-,13899,4.84,286884,100
,103,1189,亞太創意技術學院,172908,58.75,37783,12.84,68343,23.22,991,0.34,189,0.06,260,0.09,13834,4.7,294308,100
,103,1192,臺灣觀光學院,139421,61.97,8469,3.76,33940,15.09,1880,0.84,1190,0.53,-,-,40071,17.81,224970,100
,103,1195,馬偕醫學院,56971,8.41,47906,7.07,36683,5.41,498271,73.51,7286,1.07,8640,1.27,22063,3.25,677820,100
,103,1196,法鼓文理學院,7931,5.11,11726,7.56,1373,0.89,125340,80.79,3759,2.42,-,-,5006,3.23,155135,100
,103,1197,台北海洋技術學院,561785,80.04,36853,5.25,63775,9.09,1064,0.15,1882,0.27,38,0.01,36493,5.2,701890,100
,103,1281,康寧醫護暨管理專科學校,194253,63.75,15565,5.11,58098,19.07,1464,0.48,3103,1.02,-,-,32238,10.58,304721,100
,103,1282,馬偕醫護管理專科學校,267455,53.2,33737,6.71,76281,15.17,57787,11.49,5558,1.11,1511,0.3,60396,12.01,502726,100
,103,1283,仁德醫護管理專科學校,394985,73.76,18269,3.41,59034,11.02,1916,0.36,5617,1.05,7539,1.41,48174,9,535534,100
,103,1284,樹人醫護管理專科學校,444934,78.76,4978,0.88,67015,11.86,77,0.01,4931,0.87,-,-,42962,7.61,564896,100
,103,1285,慈惠醫護管理專科學校,383630,69.6,23868,4.33,98469,17.87,1763,0.32,845,0.15,-,-,42595,7.73,551169,100
,103,1286,耕莘健康管理專科學校,318810,64.6,18187,3.69,72244,14.64,1786,0.36,2362,0.48,5169,1.05,74925,15.18,493483,100
,103,1287,敏惠醫護管理專科學校,255550,53.73,6618,1.39,173869,36.55,725,0.15,1331,0.28,-,-,37556,7.9,475649,100
,103,1288,高美醫護管理專科學校,51676,33.26,1911,1.23,23999,15.45,68394,44.02,242,0.16,-,-,9152,5.89,155375,100
,103,1289,育英醫護管理專科學校,127012,70.12,1495,0.83,44350,24.48,437,0.24,1922,1.06,4,0,5920,3.27,181141,100
,103,1290,崇仁醫護管理專科學校,209658,72.65,2025,0.7,48373,16.76,1970,0.68,1565,0.54,-,-,25007,8.66,288598,100
,103,1291,聖母醫護管理專科學校,241016,69.74,7837,2.27,60938,17.63,8222,2.38,3415,0.99,-,-,24143,6.99,345572,100
,103,1292,新生醫護管理專科學校,366890,74.69,16765,3.41,69044,14.06,307,0.06,530,0.11,-,-,37657,7.67,491193,100
,103,1R02,基督教台灣浸會神學院,2449,9.74,86,0.34,184,0.73,21492,85.49,707,2.81,-,-,222,0.88,25141,100
,103,1R03,臺北基督學院,15354,26.18,24769,42.24,489,0.83,4728,8.06,279,0.48,-,-,13021,22.2,58640,100
,104,1001,東海大學,1633483,63.38,358273,13.9,258842,10.04,93226,3.62,20721,0.8,30724,1.19,182066,7.06,2577334,100
,104,1002,輔仁大學,2446071,62.6,437363,11.19,479593,12.27,244807,6.26,60673,1.55,67,0,239123,6.12,3907696,100
,104,1003,東吳大學,1406110,64,281483,12.81,234397,10.67,105216,4.79,15314,0.7,2133,0.1,152540,6.94,2197194,100
,104,1004,中原大學,1585403,53.48,608895,20.54,386896,13.05,81395,2.75,14424,0.49,1927,0.07,285480,9.63,2964420,100
,104,1005,淡江大學,2429785,67.64,509574,14.19,348880,9.71,103031,2.87,8586,0.24,-,-,192227,5.35,3592083,100
,104,1006,中國文化大學,2182882,56.96,994880,25.96,351134,9.16,35714,0.93,34084,0.89,93,0,233354,6.09,3832141,100
,104,1007,逢甲大學,2089104,55.72,904010,24.11,489605,13.06,62257,1.66,8028,0.21,33705,0.9,162328,4.33,3749037,100
,104,1008,靜宜大學,1134593,65.48,171789,9.91,287352,16.58,4155,0.24,23421,1.35,-,-,111392,6.43,1732703,100
,104,1009,長庚大學,605140,15.36,1341678,34.06,347577,8.82,15714,0.4,42460,1.08,945160,23.99,641585,16.29,3939314,100
,104,1010,元智大學,896908,48.17,337475,18.12,245953,13.21,19552,1.05,3925,0.21,266194,14.3,91944,4.94,1861951,100
,104,1011,中華大學,773624,60.68,247317,19.4,155490,12.2,8445,0.66,8193,0.64,-,-,81770,6.41,1274838,100
,104,1012,大葉大學,1157269,67.46,205795,12,226149,13.18,13602,0.79,12443,0.73,346,0.02,99918,5.82,1715522,100
,104,1013,華梵大學,286177,55.64,39418,7.66,95449,18.56,48155,9.36,6422,1.25,387,0.08,38328,7.45,514337,100
,104,1014,義守大學,1591697,60.65,357603,13.63,279152,10.64,3200,0.12,4116,0.16,-,-,388687,14.81,2624455,100
,104,1015,世新大學,1200658,62.57,320707,16.71,179017,9.33,16374,0.85,8307,0.43,138035,7.19,55901,2.91,1918999,100
,104,1016,銘傳大學,1868674,67.52,315897,11.41,389130,14.06,11144,0.4,12864,0.46,-,-,169891,6.14,2767599,100
,104,1017,實踐大學,1265797,65.86,215716,11.22,257400,13.39,17332,0.9,4774,0.25,417,0.02,160567,8.35,1922002,100
,104,1019,高雄醫學大學,771888,27.43,487255,17.31,186075,6.61,24205,0.86,2957,0.11,1178105,41.86,163923,5.82,2814409,100
,104,1020,南華大學,487687,26.18,72216,3.88,156662,8.41,1067937,57.33,1534,0.08,-,-,76811,4.12,1862847,100
,104,1021,真理大學,757405,78.21,55948,5.78,91386,9.44,4974,0.51,1742,0.18,0,0,56931,5.88,968386,100
,104,1022,大同大學,454754,55.62,133799,16.36,126683,15.49,10163,1.24,1341,0.16,-,-,90903,11.12,817644,100
,104,1027,慈濟大學,321874,22.86,339473,24.11,177933,12.64,455972,32.39,40414,2.87,10893,0.77,61302,4.35,1407859,100
,104,1028,臺北醫學大學,641441,18.48,1053656,30.36,464199,13.38,137073,3.95,1504,0.04,1047714,30.19,124662,3.59,3470250,100
,104,1029,中山醫學大學,815237,45.15,267421,14.81,143903,7.97,12783,0.71,1718,0.1,423953,23.48,140625,7.79,1805640,100
,104,1033,長榮大學,956007,71.4,127640,9.53,140123,10.46,12571,0.94,9670,0.72,-,-,93014,6.95,1339026,100
,104,1035,中國醫藥大學,863450,21.7,490646,12.33,280676,7.05,21987,0.55,1490,0.04,2253096,56.61,68389,1.72,3979734,100
,104,1039,玄奘大學,472746,65.34,53429,7.38,117294,16.21,23049,3.19,6284,0.87,-,-,50765,7.02,723567,100
,104,1048,亞洲大學,1187587,62.34,271430,14.25,264186,13.87,27197,1.43,5411,0.28,-,-,149160,7.83,1904971,100
,104,1049,開南大學,817567,76.07,76305,7.1,95544,8.89,6679,0.62,4076,0.38,-,-,74633,6.94,1074804,100
,104,1050,佛光大學,269893,38.34,52599,7.47,112773,16.02,207578,29.49,652,0.09,-,-,60412,8.58,703907,100
,104,1058,明道大學,477920,55.13,202401,23.35,97489,11.25,9331,1.08,1538,0.18,605,0.07,77652,8.96,866935,100
,104,1067,台灣首府大學,310501,67.62,14358,3.13,72408,15.77,894,0.19,2054,0.45,21644,4.71,37353,8.13,459211,100
,104,1079,康寧大學,357842,63.79,28454,5.07,112574,20.07,3873,0.69,3916,0.7,-,-,54336,9.69,560994,100
,104,1125,中信金融管理學院,16846,7.71,150,0.07,15313,7.01,177043,81.01,827,0.38,-,-,8379,3.83,218558,100
,104,1176,稻江科技暨管理學院,182340,66.74,20362,7.45,52716,19.3,585,0.21,2305,0.84,-,-,14891,5.45,273199,100
,104,1195,馬偕醫學院,68773,27.84,85262,34.52,44166,17.88,11801,4.78,7115,2.88,-,-,29897,12.1,247013,100
,104,1196,法鼓文理學院,12052,5.38,9217,4.11,3731,1.67,188302,84.06,4096,1.83,-,-,6624,2.96,224022,100
,104,1R02,基督教台灣浸會神學院,2282,8.57,231,0.87,198,0.74,23030,86.52,728,2.73,-,-,149,0.56,26618,100
,104,1R03,臺北基督學院,19444,30.97,22892,36.46,634,1.01,5718,9.11,175,0.28,-,-,13915,22.17,62778,100
,104,1R04,一貫道天皇學院,611,3.19,470,2.46,150,0.78,17275,90.25,558,2.92,-,-,76,0.4,19141,100
,104,1R05,台神學校財團法人台灣神學研究學院,-,-,-,-,-,-,140760,98.32,743,0.52,-,-,1661,1.16,143164,100
,104,1R06,一貫道崇德學院,-,-,-,-,-,-,1245,98.42,-,-,-,-,20,1.58,1265,100
,104,1018,朝陽科技大學,1558338,66.29,336044,14.3,243370,10.35,6249,0.27,30313,1.29,51412,2.19,124985,5.32,2350710,100
,104,1023,南臺科技大學,1662999,65.52,319882,12.6,395327,15.58,7968,0.31,8630,0.34,924,0.04,142398,5.61,2538129,100
,104,1024,崑山科技大學,1068754,59.46,241826,13.45,318761,17.73,7427,0.41,1358,0.08,854,0.05,158486,8.82,1797467,100
,104,1025,嘉南藥理大學,1539253,72.12,224334,10.51,205263,9.62,11130,0.52,5482,0.26,536,0.03,148241,6.95,2134240,100
,104,1026,樹德科技大學,1005539,69.04,88805,6.1,139443,9.57,3074,0.21,9444,0.65,-,-,210103,14.43,1456409,100
,104,1030,龍華科技大學,855569,67.16,109315,8.58,209935,16.48,738,0.06,33845,2.66,-,-,64531,5.07,1273933,100
,104,1031,輔英科技大學,826169,67.04,112059,9.09,159743,12.96,1597,0.13,7633,0.62,32820,2.66,92277,7.49,1232299,100
,104,1032,明新科技大學,1086989,77.58,75483,5.39,158464,11.31,2588,0.18,7667,0.55,-,-,69905,4.99,1401096,100
,104,1034,弘光科技大學,1073923,64.84,246673,14.89,222887,13.46,1133,0.07,13760,0.83,6132,0.37,91686,5.54,1656193,100
,104,1036,健行科技大學,1009331,74.82,129401,9.59,147489,10.93,1403,0.1,10693,0.79,-,-,50699,3.76,1349016,100
,104,1037,正修科技大學,1465763,66.23,338892,15.31,308662,13.95,4069,0.18,8817,0.4,-,-,86970,3.93,2213175,100
,104,1038,萬能科技大學,901132,72.61,154382,12.44,125361,10.1,4128,0.33,10110,0.81,-,-,45889,3.7,1241001,100
,104,1040,建國科技大學,822501,73.3,74163,6.61,144192,12.85,4657,0.41,2489,0.22,-,-,74151,6.61,1122152,100
,104,1041,明志科技大學,407088,20.96,143106,7.37,179183,9.22,14894,0.77,29590,1.52,1071446,55.16,97247,5.01,1942554,100
,104,1042,高苑科技大學,620734,66.53,66478,7.13,164881,17.67,133,0.01,6562,0.7,-,-,74232,7.96,933020,100
,104,1043,大仁科技大學,625319,68.12,100253,10.92,119602,13.03,3738,0.41,3367,0.37,-,-,65708,7.16,917985,100
,104,1044,聖約翰科技大學,480205,70.72,30871,4.55,128473,18.92,4491,0.66,11230,1.65,3,0,23751,3.5,679025,100
,104,1045,嶺東科技大學,904773,78.37,51518,4.46,112751,9.77,9982,0.86,26127,2.26,-,-,49381,4.28,1154532,100
,104,1046,中國科技大學,1083115,79.6,77649,5.71,137047,10.07,2775,0.2,5005,0.37,-,-,55102,4.05,1360692,100
,104,1047,中臺科技大學,773943,71.73,83715,7.76,167470,15.52,1058,0.1,4231,0.39,-,-,48610,4.5,1079026,100
,104,1051,台南應用科技大學,1171942,80.6,76169,5.24,127631,8.78,1158,0.08,15618,1.07,-,-,61498,4.23,1454016,100
,104,1052,遠東科技大學,744097,67.39,97903,8.87,201262,18.23,4217,0.38,3630,0.33,-,-,53004,4.8,1104113,100
,104,1053,元培醫事科技大學,645268,71.1,81796,9.01,124622,13.73,3777,0.42,8567,0.94,-,-,43517,4.8,907549,100
,104,1054,景文科技大學,622154,71.68,82630,9.52,115437,13.3,55,0.01,7561,0.87,-,-,40174,4.63,868011,100
,104,1055,中華醫事科技大學,769235,74.95,56057,5.46,131262,12.79,1554,0.15,2788,0.27,1078,0.11,64382,6.27,1026356,100
,104,1056,東南科技大學,666222,76.84,62139,7.17,94076,10.85,2388,0.28,7504,0.87,-,-,34734,4.01,867063,100
,104,1057,德明財經科技大學,753384,70.78,70200,6.6,156264,14.68,6067,0.57,22685,2.13,27507,2.58,28304,2.66,1064412,100
,104,1060,南開科技大學,545785,73.23,36070,4.84,126923,17.03,1446,0.19,7579,1.02,-,-,27507,3.69,745311,100
,104,1061,中華科技大學,716080,77.37,43377,4.69,126797,13.7,140,0.02,731,0.08,-,-,38427,4.15,925553,100
,104,1062,僑光科技大學,828236,78.27,45153,4.27,136215,12.87,1729,0.16,17919,1.69,-,-,28932,2.73,1058183,100
,104,1063,育達科技大學,421314,68.47,39023,6.34,110686,17.99,2640,0.43,10037,1.63,-,-,31624,5.14,615324,100
,104,1064,美和科技大學,655830,74.85,67623,7.72,114260,13.04,5277,0.6,2769,0.32,1678,0.19,28741,3.28,876178,100
,104,1065,吳鳳科技大學,516708,75.07,29934,4.35,93154,13.53,6476,0.94,2201,0.32,-,-,39846,5.79,688318,100
,104,1066,環球科技大學,496493,53.42,33225,3.58,121478,13.07,2044,0.22,870,0.09,1679,0.18,273557,29.44,929345,100
,104,1068,中州科技大學,320983,54.32,108328,18.33,128825,21.8,2413,0.41,2788,0.47,-,-,27533,4.66,590869,100
,104,1069,修平科技大學,624196,75.14,29321,3.53,135768,16.34,5042,0.61,5109,0.62,-,-,31221,3.76,830657,100
,104,1070,長庚科技大學,532722,30.83,192444,11.14,165392,9.57,349,0.02,14722,0.85,705333,40.81,117223,6.78,1728185,100
,104,1071,臺北城市科技大學,859859,80.44,50930,4.76,107666,10.07,3568,0.33,13957,1.31,-,-,32955,3.08,1068935,100
,104,1072,大華科技大學,283016,59.92,101497,21.49,67767,14.35,488,0.1,802,0.17,-,-,18730,3.97,472300,100
,104,1073,醒吾科技大學,741866,76.92,76656,7.95,119874,12.43,1014,0.11,2288,0.24,-,-,22729,2.36,964427,100
,104,1074,南榮科技大學,259613,71.94,17859,4.95,64687,17.92,1752,0.49,2267,0.63,-,-,14701,4.07,360879,100
,104,1075,文藻外語大學,766202,70.52,99802,9.19,146618,13.49,8146,0.75,6980,0.64,377,0.03,58394,5.37,1086520,100
,104,1076,華夏科技大學,430059,73.52,34688,5.93,109606,18.74,352,0.06,3044,0.52,-,-,7197,1.23,584948,100
,104,1077,慈濟科技大學,205027,32.29,68833,10.84,93753,14.77,236294,37.22,963,0.15,8,0,29992,4.72,634870,100
,104,1148,大漢技術學院,110077,52.32,6201,2.95,42113,20.01,35933,17.08,4455,2.12,0,0,11630,5.53,210409,100
,104,1159,和春技術學院,250991,71.97,26319,7.55,52033,14.92,239,0.07,2899,0.83,-,-,16267,4.66,348749,100
,104,1164,致理技術學院,859348,78.53,56466,5.16,143014,13.07,1891,0.17,7584,0.69,-,-,25974,2.37,1094276,100
,104,1166,亞東技術學院,461609,51.58,39985,4.47,73434,8.21,1770,0.2,25588,2.86,265175,29.63,27337,3.05,894897,100
,104,1168,南亞技術學院,452594,69.55,58327,8.96,79650,12.24,1289,0.2,1228,0.19,-,-,57636,8.86,650724,100
,104,1179,德霖技術學院,543168,74.4,45309,6.21,103645,14.2,1240,0.17,16129,2.21,-,-,20592,2.82,730082,100
,104,1182,蘭陽技術學院,146061,45.45,11917,3.71,50772,15.8,97326,30.28,754,0.23,-,-,14539,4.52,321370,100
,104,1183,黎明技術學院,368854,64.72,16230,2.85,80659,14.15,90239,15.83,1323,0.23,-,-,12616,2.21,569920,100
,104,1184,東方設計學院,355773,72.18,32442,6.58,84107,17.06,1098,0.22,3047,0.62,-,-,16463,3.34,492930,100
,104,1185,經國管理暨健康學院,361427,72.7,17625,3.55,93019,18.71,2423,0.49,3836,0.77,5499,1.11,13343,2.68,497172,100
,104,1187,崇右技術學院,306085,73.84,45236,10.91,50862,12.27,927,0.22,2769,0.67,-,-,8646,2.09,414525,100
,104,1188,大同技術學院,200248,72.71,8546,3.1,52099,18.92,506,0.18,1621,0.59,-,-,12400,4.5,275420,100
,104,1189,亞太創意技術學院,132807,56.37,23118,9.81,64635,27.43,551,0.23,436,0.19,-,-,14067,5.97,235615,100
,104,1192,臺灣觀光學院,114496,63.15,10378,5.72,37683,20.79,2045,1.13,1544,0.85,-,-,15149,8.36,181294,100
,104,1197,台北海洋技術學院,569477,78.3,28436,3.91,98739,13.58,947,0.13,2353,0.32,-,-,27313,3.76,727264,100
,104,1282,馬偕醫護管理專科學校,276309,52.38,39801,7.55,73661,13.96,70825,13.43,6608,1.25,2374,0.45,57928,10.98,527506,100
,104,1283,仁德醫護管理專科學校,398690,71.23,11043,1.97,85722,15.32,929,0.17,5251,0.94,2133,0.38,55934,9.99,559700,100
,104,1284,樹人醫護管理專科學校,458793,73.26,4693,0.75,96284,15.38,3104,0.5,5227,0.83,-,-,58113,9.28,626215,100
,104,1285,慈惠醫護管理專科學校,385626,70.81,21698,3.98,103119,18.93,2245,0.41,1708,0.31,-,-,30230,5.55,544626,100
,104,1286,耕莘健康管理專科學校,325522,62.97,27218,5.27,81034,15.68,1282,0.25,3051,0.59,5496,1.06,73327,14.19,516931,100
,104,1287,敏惠醫護管理專科學校,255054,51.3,7215,1.45,195056,39.23,1164,0.23,1861,0.37,-,-,36842,7.41,497192,100
,104,1288,高美醫護管理專科學校,50233,54.99,1020,1.12,30468,33.35,109,0.12,33,0.04,-,-,9491,10.39,91354,100
,104,1289,育英醫護管理專科學校,127935,65.98,2579,1.33,55953,28.86,577,0.3,1575,0.81,-,-,5279,2.72,193897,100
,104,1290,崇仁醫護管理專科學校,215400,69.53,4450,1.44,61449,19.84,1730,0.56,1798,0.58,-,-,24968,8.06,309796,100
,104,1291,聖母醫護管理專科學校,231933,67.7,5853,1.71,69796,20.37,6347,1.85,3852,1.12,-,-,24814,7.24,342596,100
,104,1292,新生醫護管理專科學校,375829,74.49,16569,3.28,73367,14.54,220,0.04,892,0.18,-,-,37641,7.46,504518,100
